COIN_CMD	iAF1260	LP1	0	3.6101431	0.18987274169921875
COIN_CMD	iAF1260	LP1	1	3.6101431	0.15467143058776855
COIN_CMD	iAF1260	LP1	2	3.6101431	0.8798015117645264
COIN_CMD	iAF1260	LP1	3	3.6101431	0.10544395446777344
COIN_CMD	iAF1260	LP1	4	3.6101431	0.08580303192138672
COIN_CMD	iAF1260	LP1	5	3.6101431	0.14191055297851562
COIN_CMD	iAF1260	LP1	6	3.6101431	0.09558916091918945
COIN_CMD	iAF1260	LP1	7	3.6101431	0.10353350639343262
COIN_CMD	iAF1260	LP1	8	3.6101431	0.13515567779541016
COIN_CMD	iAF1260	LP1	9	3.6101431	0.09622645378112793
COIN_CMD	iAF1260	MILP1	0	13.0	1190.311440229416
COIN_CMD	iAF1260	MILP1	1	13.0	1477.937400817871
COIN_CMD	iAF1260	MILP1	2	13.0	1197.455986738205
COIN_CMD	iAF1260	MILP1	3	13.0	1329.3478653430939
COIN_CMD	iAF1260	MILP1	4	13.0	1197.79829287529
COIN_CMD	iAF1260	MILP1	5	13.0	1112.2204134464264
COIN_CMD	iAF1260	MILP1	6	13.0	1188.975613117218
COIN_CMD	iAF1260	MILP1	7	13.0	1472.268438577652
COIN_CMD	iAF1260	MILP1	8	13.0	1465.6629700660706
COIN_CMD	iAF1260	MILP1	9	13.0	1125.645043373108
COIN_CMD	iAF692	LP1	0	0.11294622	0.6544573307037354
COIN_CMD	iAF692	LP1	1	0.11294622	0.3162558078765869
COIN_CMD	iAF692	LP1	2	0.11294622	0.051169395446777344
COIN_CMD	iAF692	LP1	3	0.11294622	0.049575090408325195
COIN_CMD	iAF692	LP1	4	0.11294622	0.03489327430725098
COIN_CMD	iAF692	LP1	5	0.11294622	0.09551739692687988
COIN_CMD	iAF692	LP1	6	0.11294622	0.04922986030578613
COIN_CMD	iAF692	LP1	7	0.11294622	0.05012178421020508
COIN_CMD	iAF692	LP1	8	0.11294622	0.03519916534423828
COIN_CMD	iAF692	LP1	9	0.11294622	0.03139972686767578
COIN_CMD	iAF692	MILP1	0	8.0	5.956218242645264
COIN_CMD	iAF692	MILP1	1	8.0	7.163928747177124
COIN_CMD	iAF692	MILP1	2	8.0	5.161746501922607
COIN_CMD	iAF692	MILP1	3	8.0	7.678385972976685
COIN_CMD	iAF692	MILP1	4	8.0	7.19778037071228
COIN_CMD	iAF692	MILP1	5	8.0	7.060262441635132
COIN_CMD	iAF692	MILP1	6	8.0	7.755640983581543
COIN_CMD	iAF692	MILP1	7	8.0	7.6720662117004395
COIN_CMD	iAF692	MILP1	8	8.0	6.600476026535034
COIN_CMD	iAF692	MILP1	9	8.0	7.490032196044922
COIN_CMD	iCHOv1	LP1	0	3.9158732	0.38792943954467773
COIN_CMD	iCHOv1	LP1	1	3.9158732	0.5940465927124023
COIN_CMD	iCHOv1	LP1	2	3.9158732	0.6086795330047607
COIN_CMD	iCHOv1	LP1	3	3.9158732	0.36469340324401855
COIN_CMD	iCHOv1	LP1	4	3.9158732	0.4315483570098877
COIN_CMD	iCHOv1	LP1	5	3.9158732	0.36411499977111816
COIN_CMD	iCHOv1	LP1	6	3.9158732	0.5763249397277832
COIN_CMD	iCHOv1	LP1	7	3.9158732	0.5324957370758057
COIN_CMD	iCHOv1	LP1	8	3.9158732	0.44020676612854004
COIN_CMD	iCHOv1	LP1	9	3.9158732	0.5371823310852051
COIN_CMD	iCHOv1	MILP1	0	10.0	687.9471499919891
COIN_CMD	iCHOv1	MILP1	1	10.0	827.0162425041199
COIN_CMD	iCHOv1	MILP1	2	10.0	625.2372736930847
COIN_CMD	iCHOv1	MILP1	3	10.0	606.870450258255
COIN_CMD	iCHOv1	MILP1	4	10.0	849.313241481781
COIN_CMD	iCHOv1	MILP1	5	10.0	648.2369449138641
COIN_CMD	iCHOv1	MILP1	6	10.0	655.9226875305176
COIN_CMD	iCHOv1	MILP1	7	10.0	710.0844526290894
COIN_CMD	iCHOv1	MILP1	8	10.0	968.4782667160034
COIN_CMD	iCHOv1	MILP1	9	10.0	816.2302312850952
COIN_CMD	iCN718	LP1	0	0.23897705	0.052008867263793945
COIN_CMD	iCN718	LP1	1	0.23897705	0.07939028739929199
COIN_CMD	iCN718	LP1	2	0.23897705	0.08514142036437988
COIN_CMD	iCN718	LP1	3	0.23897705	0.17831826210021973
COIN_CMD	iCN718	LP1	4	0.23897705	0.0792701244354248
COIN_CMD	iCN718	LP1	5	0.23897705	0.09384393692016602
COIN_CMD	iCN718	LP1	6	0.23897705	0.04930615425109863
COIN_CMD	iCN718	LP1	7	0.23897705	0.06675410270690918
COIN_CMD	iCN718	LP1	8	0.23897705	0.07392120361328125
COIN_CMD	iCN718	LP1	9	0.23897705	0.0501556396484375
COIN_CMD	iCN718	MILP1	0	3.0	4.016468524932861
COIN_CMD	iCN718	MILP1	1	3.0	4.039995431900024
COIN_CMD	iCN718	MILP1	2	3.0	3.672234296798706
COIN_CMD	iCN718	MILP1	3	3.0	5.003657579421997
COIN_CMD	iCN718	MILP1	4	3.0	4.061908960342407
COIN_CMD	iCN718	MILP1	5	3.0	5.695051908493042
COIN_CMD	iCN718	MILP1	6	3.0	5.33162260055542
COIN_CMD	iCN718	MILP1	7	3.0	4.239667177200317
COIN_CMD	iCN718	MILP1	8	3.0	5.8657546043396
COIN_CMD	iCN718	MILP1	9	3.0	4.781665563583374
COIN_CMD	iIT341	LP1	0	0.29187724	0.9458479881286621
COIN_CMD	iIT341	LP1	1	0.29187724	0.7728452682495117
COIN_CMD	iIT341	LP1	2	0.29187724	0.040883779525756836
COIN_CMD	iIT341	LP1	3	0.29187724	0.040227651596069336
COIN_CMD	iIT341	LP1	4	0.29187724	0.0559229850769043
COIN_CMD	iIT341	LP1	5	0.29187724	0.03038787841796875
COIN_CMD	iIT341	LP1	6	0.29187724	0.08125090599060059
COIN_CMD	iIT341	LP1	7	0.29187724	0.0261690616607666
COIN_CMD	iIT341	LP1	8	0.29187724	0.06936240196228027
COIN_CMD	iIT341	LP1	9	0.29187724	0.039289236068725586
COIN_CMD	iIT341	MILP1	0	0.0	1.3101146221160889
COIN_CMD	iIT341	MILP1	1	0.0	0.7169647216796875
COIN_CMD	iIT341	MILP1	2	0.0	0.4771246910095215
COIN_CMD	iIT341	MILP1	3	0.0	0.4681980609893799
COIN_CMD	iIT341	MILP1	4	0.0	0.40361666679382324
COIN_CMD	iIT341	MILP1	5	0.0	0.4516866207122803
COIN_CMD	iIT341	MILP1	6	0.0	0.5893950462341309
COIN_CMD	iIT341	MILP1	7	0.0	0.4793250560760498
COIN_CMD	iIT341	MILP1	8	0.0	0.6347169876098633
COIN_CMD	iIT341	MILP1	9	0.0	0.5552325248718262
COIN_CMD	iJO1366	LP1	0	4.1834804	0.16289544105529785
COIN_CMD	iJO1366	LP1	1	4.1834804	0.18815064430236816
COIN_CMD	iJO1366	LP1	2	4.1834804	0.11813497543334961
COIN_CMD	iJO1366	LP1	3	4.1834804	0.13865971565246582
COIN_CMD	iJO1366	LP1	4	4.1834804	0.22634410858154297
COIN_CMD	iJO1366	LP1	5	4.1834804	0.1402285099029541
COIN_CMD	iJO1366	LP1	6	4.1834804	0.10600805282592773
COIN_CMD	iJO1366	LP1	7	4.1834804	0.11019349098205566
COIN_CMD	iJO1366	LP1	8	4.1834804	0.15183448791503906
COIN_CMD	iJO1366	LP1	9	4.1834804	0.13901829719543457
COIN_CMD	iJO1366	MILP1	0	14.0	2443.1915757656097
COIN_CMD	iJO1366	MILP1	1	14.0	2436.3648002147675
COIN_CMD	iJO1366	MILP1	2	14.0	2308.983044862747
COIN_CMD	iJO1366	MILP1	3	14.0	2712.3476328849792
COIN_CMD	iJO1366	MILP1	4	14.0	3022.03040266037
COIN_CMD	iJO1366	MILP1	5	14.0	2613.5849471092224
COIN_CMD	iJO1366	MILP1	6	14.0	2310.6742849349976
COIN_CMD	iJO1366	MILP1	7	14.0	2426.905875682831
COIN_CMD	iJO1366	MILP1	8	14.0	2981.716413974762
COIN_CMD	iJO1366	MILP1	9	14.0	3130.48717212677
COIN_CMD	iLJ478	LP1	0	0.17730338	0.8659701347351074
COIN_CMD	iLJ478	LP1	1	0.17730338	0.6035587787628174
COIN_CMD	iLJ478	LP1	2	0.17730338	0.03806591033935547
COIN_CMD	iLJ478	LP1	3	0.17730338	0.09098386764526367
COIN_CMD	iLJ478	LP1	4	0.17730338	0.03418111801147461
COIN_CMD	iLJ478	LP1	5	0.17730338	0.0924985408782959
COIN_CMD	iLJ478	LP1	6	0.17730338	0.03671741485595703
COIN_CMD	iLJ478	LP1	7	0.17730338	0.09705710411071777
COIN_CMD	iLJ478	LP1	8	0.17730338	0.04584908485412598
COIN_CMD	iLJ478	LP1	9	0.17730338	0.04820394515991211
COIN_CMD	iLJ478	MILP1	0	5.0	1.8447296619415283
COIN_CMD	iLJ478	MILP1	1	5.0	0.9270925521850586
COIN_CMD	iLJ478	MILP1	2	5.0	0.8961796760559082
COIN_CMD	iLJ478	MILP1	3	5.0	3.038087844848633
COIN_CMD	iLJ478	MILP1	4	5.0	1.0077118873596191
COIN_CMD	iLJ478	MILP1	5	5.0	1.0040814876556396
COIN_CMD	iLJ478	MILP1	6	5.0	1.3544502258300781
COIN_CMD	iLJ478	MILP1	7	5.0	1.230180025100708
COIN_CMD	iLJ478	MILP1	8	5.0	1.0770366191864014
COIN_CMD	iLJ478	MILP1	9	5.0	1.0716264247894287
COIN_CMD	iMM904	LP1	0	0.71742193	0.1701827049255371
COIN_CMD	iMM904	LP1	1	0.71742193	0.08553719520568848
COIN_CMD	iMM904	LP1	2	0.71742193	0.07694530487060547
COIN_CMD	iMM904	LP1	3	0.71742193	0.07215452194213867
COIN_CMD	iMM904	LP1	4	0.71742193	0.06979775428771973
COIN_CMD	iMM904	LP1	5	0.71742193	0.07680583000183105
COIN_CMD	iMM904	LP1	6	0.71742193	0.14766931533813477
COIN_CMD	iMM904	LP1	7	0.71742193	0.05315041542053223
COIN_CMD	iMM904	LP1	8	0.71742193	0.07628464698791504
COIN_CMD	iMM904	LP1	9	0.71742193	0.06325984001159668
COIN_CMD	iMM904	MILP1	0	3.0	12.648825883865356
COIN_CMD	iMM904	MILP1	1	3.0	12.855411291122437
COIN_CMD	iMM904	MILP1	2	3.0	15.943187236785889
COIN_CMD	iMM904	MILP1	3	3.0	12.712913751602173
COIN_CMD	iMM904	MILP1	4	3.0	12.779108047485352
COIN_CMD	iMM904	MILP1	5	3.0	15.902845859527588
COIN_CMD	iMM904	MILP1	6	3.0	12.635927438735962
COIN_CMD	iMM904	MILP1	7	3.0	17.70127511024475
COIN_CMD	iMM904	MILP1	8	3.0	17.022254705429077
COIN_CMD	iMM904	MILP1	9	3.0	13.408531904220581
COIN_CMD	iYS1720	LP1	0	4.2523378	0.19694018363952637
COIN_CMD	iYS1720	LP1	1	4.2523378	0.24175262451171875
COIN_CMD	iYS1720	LP1	2	4.2523378	0.25641655921936035
COIN_CMD	iYS1720	LP1	3	4.2523378	0.14394235610961914
COIN_CMD	iYS1720	LP1	4	4.2523378	0.16194581985473633
COIN_CMD	iYS1720	LP1	5	4.2523378	0.17743563652038574
COIN_CMD	iYS1720	LP1	6	4.2523378	0.19601678848266602
COIN_CMD	iYS1720	LP1	7	4.2523378	0.14493465423583984
COIN_CMD	iYS1720	LP1	8	4.2523378	0.18488383293151855
COIN_CMD	iYS1720	LP1	9	4.2523378	0.16147303581237793
COIN_CMD	iYS1720	MILP1	0	3.0	96.86656665802002
COIN_CMD	iYS1720	MILP1	1	3.0	92.39659285545349
COIN_CMD	iYS1720	MILP1	2	3.0	92.06635880470276
COIN_CMD	iYS1720	MILP1	3	3.0	85.41427993774414
COIN_CMD	iYS1720	MILP1	4	3.0	98.55649042129517
COIN_CMD	iYS1720	MILP1	5	3.0	87.8796763420105
COIN_CMD	iYS1720	MILP1	6	3.0	93.09189343452454
COIN_CMD	iYS1720	MILP1	7	3.0	123.42135977745056
COIN_CMD	iYS1720	MILP1	8	3.0	103.04660725593567
COIN_CMD	iYS1720	MILP1	9	3.0	96.01984691619873
COIN_CMD	Recon3D	LP1	0	43.282434	1.2692358493804932
COIN_CMD	Recon3D	LP1	1	43.282434	1.6329057216644287
COIN_CMD	Recon3D	LP1	2	43.282434	1.6349403858184814
COIN_CMD	Recon3D	LP1	3	43.282434	2.4985945224761963
COIN_CMD	Recon3D	LP1	4	43.282434	1.4328887462615967
COIN_CMD	Recon3D	LP1	5	43.282434	1.8274717330932617
COIN_CMD	Recon3D	LP1	6	43.282434	1.5637917518615723
COIN_CMD	Recon3D	LP1	7	43.282434	1.641075849533081
COIN_CMD	Recon3D	LP1	8	43.282434	1.2798395156860352
COIN_CMD	Recon3D	LP1	9	43.282434	1.7299871444702148
CPLEX_PY	iAF1260	LP1	0	3.610143141626807	0.26044511795043945
CPLEX_PY	iAF1260	LP1	1	3.610143141626807	0.07918810844421387
CPLEX_PY	iAF1260	LP1	2	3.610143141626807	0.07728791236877441
CPLEX_PY	iAF1260	LP1	3	3.610143141626807	0.05515718460083008
CPLEX_PY	iAF1260	LP1	4	3.610143141626807	0.1766049861907959
CPLEX_PY	iAF1260	LP1	5	3.610143141626807	0.07647132873535156
CPLEX_PY	iAF1260	LP1	6	3.610143141626807	0.06717300415039062
CPLEX_PY	iAF1260	LP1	7	3.610143141626807	0.07156515121459961
CPLEX_PY	iAF1260	LP1	8	3.610143141626807	0.08928370475769043
CPLEX_PY	iAF1260	LP1	9	3.610143141626807	0.06635069847106934
CPLEX_PY	iAF1260	MILP1	0	12.999999997	685.7878084182739
CPLEX_PY	iAF1260	MILP1	1	12.999999997	1074.2217826843262
CPLEX_PY	iAF1260	MILP1	2	12.999999997	981.5899267196655
CPLEX_PY	iAF1260	MILP1	3	12.999999997	1030.3396742343903
CPLEX_PY	iAF1260	MILP1	4	12.999999997	955.623856306076
CPLEX_PY	iAF1260	MILP1	5	12.999999997	992.6259441375732
CPLEX_PY	iAF1260	MILP1	6	12.999999997	990.7082574367523
CPLEX_PY	iAF1260	MILP1	7	12.999999997	232.66149854660034
CPLEX_PY	iAF1260	MILP1	8	12.999999997	961.4552464485168
CPLEX_PY	iAF1260	MILP1	9	12.999999997	176.010915517807
CPLEX_PY	iAF692	LP1	0	0.11294621519085671	0.9931454658508301
CPLEX_PY	iAF692	LP1	1	0.11294621519085671	0.023571491241455078
CPLEX_PY	iAF692	LP1	2	0.11294621519085671	0.03196907043457031
CPLEX_PY	iAF692	LP1	3	0.11294621519085671	0.029323816299438477
CPLEX_PY	iAF692	LP1	4	0.11294621519085671	0.035500288009643555
CPLEX_PY	iAF692	LP1	5	0.11294621519085671	0.04478812217712402
CPLEX_PY	iAF692	LP1	6	0.11294621519085671	0.047933340072631836
CPLEX_PY	iAF692	LP1	7	0.11294621519085671	0.1443188190460205
CPLEX_PY	iAF692	LP1	8	0.11294621519085671	0.04014468193054199
CPLEX_PY	iAF692	LP1	9	0.11294621519085671	0.03306841850280762
CPLEX_PY	iAF692	MILP1	0	8.0	350.79821705818176
CPLEX_PY	iAF692	MILP1	1	8.0	42.543267488479614
CPLEX_PY	iAF692	MILP1	2	8.0	327.4886598587036
CPLEX_PY	iAF692	MILP1	3	8.0	352.2351927757263
CPLEX_PY	iAF692	MILP1	4	8.0	42.820350885391235
CPLEX_PY	iAF692	MILP1	5	8.0	367.8794903755188
CPLEX_PY	iAF692	MILP1	6	8.0	393.7186691761017
CPLEX_PY	iAF692	MILP1	7	8.0	320.71880435943604
CPLEX_PY	iAF692	MILP1	8	8.0	41.97893524169922
CPLEX_PY	iAF692	MILP1	9	8.0	498.98430037498474
CPLEX_PY	iCHOv1	LP1	0	3.915873243198781	1.1285138130187988
CPLEX_PY	iCHOv1	LP1	1	3.915873243198781	0.24036788940429688
CPLEX_PY	iCHOv1	LP1	2	3.915873243198781	0.24761199951171875
CPLEX_PY	iCHOv1	LP1	3	3.915873243198781	0.15079164505004883
CPLEX_PY	iCHOv1	LP1	4	3.915873243198781	0.15070891380310059
CPLEX_PY	iCHOv1	LP1	5	3.915873243198781	0.1554398536682129
CPLEX_PY	iCHOv1	LP1	6	3.915873243198781	0.18766498565673828
CPLEX_PY	iCHOv1	LP1	7	3.915873243198781	0.19623875617980957
CPLEX_PY	iCHOv1	LP1	8	3.915873243198781	0.15224027633666992
CPLEX_PY	iCHOv1	LP1	9	3.915873243198781	0.15146374702453613
CPLEX_PY	iCHOv1	MILP1	0	10.0	86.20430254936218
CPLEX_PY	iCHOv1	MILP1	1	10.0	141.1140353679657
CPLEX_PY	iCHOv1	MILP1	2	10.0	176.86681389808655
CPLEX_PY	iCHOv1	MILP1	3	10.0	139.4858479499817
CPLEX_PY	iCHOv1	MILP1	4	10.0	18.506737232208252
CPLEX_PY	iCHOv1	MILP1	5	10.0	135.7078936100006
CPLEX_PY	iCHOv1	MILP1	6	10.0	25.101502180099487
CPLEX_PY	iCHOv1	MILP1	7	10.0	148.9764964580536
CPLEX_PY	iCHOv1	MILP1	8	10.0	133.6245038509369
CPLEX_PY	iCHOv1	MILP1	9	10.0	21.77091884613037
CPLEX_PY	iCN718	LP1	0	0.23894922467506674	0.9395828247070312
CPLEX_PY	iCN718	LP1	1	0.23894922467506674	0.042526960372924805
CPLEX_PY	iCN718	LP1	2	0.23894922467506674	0.04465222358703613
CPLEX_PY	iCN718	LP1	3	0.23894922467506674	0.029568195343017578
CPLEX_PY	iCN718	LP1	4	0.23894922467506674	0.1345524787902832
CPLEX_PY	iCN718	LP1	5	0.23894922467506674	0.04763936996459961
CPLEX_PY	iCN718	LP1	6	0.23894922467506674	0.0516355037689209
CPLEX_PY	iCN718	LP1	7	0.23894922467506674	0.05408811569213867
CPLEX_PY	iCN718	LP1	8	0.23894922467506674	0.04149937629699707
CPLEX_PY	iCN718	LP1	9	0.23894922467506674	0.04068470001220703
CPLEX_PY	iCN718	MILP1	0	3.0	378.2941846847534
CPLEX_PY	iCN718	MILP1	1	3.0	57.68712830543518
CPLEX_PY	iCN718	MILP1	2	3.0	47.186854124069214
CPLEX_PY	iCN718	MILP1	3	3.0	350.10045981407166
CPLEX_PY	iCN718	MILP1	4	3.0	340.41526985168457
CPLEX_PY	iCN718	MILP1	5	3.0	345.6297416687012
CPLEX_PY	iCN718	MILP1	6	3.0	343.5052812099457
CPLEX_PY	iCN718	MILP1	7	3.0	42.71941924095154
CPLEX_PY	iCN718	MILP1	8	3.0	227.88891911506653
CPLEX_PY	iCN718	MILP1	9	3.0	451.19855070114136
CPLEX_PY	iIT341	LP1	0	0.2918772384925039	0.2512085437774658
CPLEX_PY	iIT341	LP1	1	0.2918772384925039	0.26601314544677734
CPLEX_PY	iIT341	LP1	2	0.2918772384925039	0.10533785820007324
CPLEX_PY	iIT341	LP1	3	0.2918772384925039	0.12184262275695801
CPLEX_PY	iIT341	LP1	4	0.2918772384925039	0.12129545211791992
CPLEX_PY	iIT341	LP1	5	0.2918772384925039	0.041346073150634766
CPLEX_PY	iIT341	LP1	6	0.2918772384925039	0.017286062240600586
CPLEX_PY	iIT341	LP1	7	0.2918772384925039	0.032982587814331055
CPLEX_PY	iIT341	LP1	8	0.2918772384925039	0.03116583824157715
CPLEX_PY	iIT341	LP1	9	0.2918772384925039	0.030828237533569336
CPLEX_PY	iIT341	MILP1	0	9.0	269.42635130882263
CPLEX_PY	iIT341	MILP1	1	9.0	51.66756010055542
CPLEX_PY	iIT341	MILP1	2	9.0	277.2416322231293
CPLEX_PY	iIT341	MILP1	3	9.0	250.58947563171387
CPLEX_PY	iIT341	MILP1	4	9.0	262.8257439136505
CPLEX_PY	iIT341	MILP1	5	9.0	254.45681047439575
CPLEX_PY	iIT341	MILP1	6	9.0	51.56329035758972
CPLEX_PY	iIT341	MILP1	7	9.0	288.11264300346375
CPLEX_PY	iIT341	MILP1	8	9.0	47.682310819625854
CPLEX_PY	iIT341	MILP1	9	9.0	52.2120680809021
CPLEX_PY	iJO1366	LP1	0	4.183480430391408	0.20302176475524902
CPLEX_PY	iJO1366	LP1	1	4.183480430391408	0.07300305366516113
CPLEX_PY	iJO1366	LP1	2	4.183480430391408	0.08530282974243164
CPLEX_PY	iJO1366	LP1	3	4.183480430391408	0.1972362995147705
CPLEX_PY	iJO1366	LP1	4	4.183480430391408	0.1991431713104248
CPLEX_PY	iJO1366	LP1	5	4.183480430391408	0.07512140274047852
CPLEX_PY	iJO1366	LP1	6	4.183480430391408	0.09538149833679199
CPLEX_PY	iJO1366	LP1	7	4.183480430391408	0.0798344612121582
CPLEX_PY	iJO1366	LP1	8	4.183480430391408	0.08919739723205566
CPLEX_PY	iJO1366	LP1	9	4.183480430391408	0.08315229415893555
CPLEX_PY	iJO1366	MILP1	0	10.0000224125	419.7216649055481
CPLEX_PY	iJO1366	MILP1	1	10.0000224125	646.0544345378876
CPLEX_PY	iJO1366	MILP1	2	10.0000224125	99.52450966835022
CPLEX_PY	iJO1366	MILP1	3	10.0000224125	137.16403937339783
CPLEX_PY	iJO1366	MILP1	4	10.0000224125	587.642332315445
CPLEX_PY	iJO1366	MILP1	5	10.0000224125	628.3514285087585
CPLEX_PY	iJO1366	MILP1	6	10.0000224125	622.1035768985748
CPLEX_PY	iJO1366	MILP1	7	10.0000224125	594.3538827896118
CPLEX_PY	iJO1366	MILP1	8	10.0000224125	166.4811885356903
CPLEX_PY	iJO1366	MILP1	9	10.0000224125	606.7533626556396
CPLEX_PY	iLJ478	LP1	0	0.17730338160153994	0.17240571975708008
CPLEX_PY	iLJ478	LP1	1	0.17730338160153994	0.15442681312561035
CPLEX_PY	iLJ478	LP1	2	0.17730338160153994	0.021000385284423828
CPLEX_PY	iLJ478	LP1	3	0.17730338160153994	0.03353762626647949
CPLEX_PY	iLJ478	LP1	4	0.17730338160153994	0.03672337532043457
CPLEX_PY	iLJ478	LP1	5	0.17730338160153994	0.03363394737243652
CPLEX_PY	iLJ478	LP1	6	0.17730338160153994	0.04572629928588867
CPLEX_PY	iLJ478	LP1	7	0.17730338160153994	0.03564572334289551
CPLEX_PY	iLJ478	LP1	8	0.17730338160153994	0.1288132667541504
CPLEX_PY	iLJ478	LP1	9	0.17730338160153994	0.03498053550720215
CPLEX_PY	iLJ478	MILP1	0	5.0	263.28258180618286
CPLEX_PY	iLJ478	MILP1	1	5.0	44.6624231338501
CPLEX_PY	iLJ478	MILP1	2	5.0	41.337645053863525
CPLEX_PY	iLJ478	MILP1	3	5.0	236.0379581451416
CPLEX_PY	iLJ478	MILP1	4	5.0	164.4921259880066
CPLEX_PY	iLJ478	MILP1	5	5.0	251.05842399597168
CPLEX_PY	iLJ478	MILP1	6	5.0	247.12772154808044
CPLEX_PY	iLJ478	MILP1	7	5.0	238.14825439453125
CPLEX_PY	iLJ478	MILP1	8	5.0	285.8593180179596
CPLEX_PY	iLJ478	MILP1	9	5.0	239.13266777992249
CPLEX_PY	iMM904	LP1	0	0.7174219325653098	5.053542613983154
CPLEX_PY	iMM904	LP1	1	0.7174219325653098	0.0521852970123291
CPLEX_PY	iMM904	LP1	2	0.7174219325653098	0.13503623008728027
CPLEX_PY	iMM904	LP1	3	0.7174219325653098	0.050118446350097656
CPLEX_PY	iMM904	LP1	4	0.7174219325653098	0.06827354431152344
CPLEX_PY	iMM904	LP1	5	0.7174219325653098	0.06971621513366699
CPLEX_PY	iMM904	LP1	6	0.7174219325653098	0.05264616012573242
CPLEX_PY	iMM904	LP1	7	0.7174219325653098	0.06194734573364258
CPLEX_PY	iMM904	LP1	8	0.7174219325653098	0.06270623207092285
CPLEX_PY	iMM904	LP1	9	0.7174219325653098	0.05546307563781738
CPLEX_PY	iMM904	MILP1	0	3.0	341.43533968925476
CPLEX_PY	iMM904	MILP1	1	3.0	101.16343092918396
CPLEX_PY	iMM904	MILP1	2	3.0	94.3734302520752
CPLEX_PY	iMM904	MILP1	3	3.0	340.97092962265015
CPLEX_PY	iMM904	MILP1	4	3.0	313.1834599971771
CPLEX_PY	iMM904	MILP1	5	3.0	92.94032144546509
CPLEX_PY	iMM904	MILP1	6	3.0	625.3169424533844
CPLEX_PY	iMM904	MILP1	7	3.0	372.3747248649597
CPLEX_PY	iMM904	MILP1	8	3.0	325.57370376586914
CPLEX_PY	iMM904	MILP1	9	3.0	354.82750964164734
CPLEX_PY	iYS1720	LP1	0	4.252337850278839	0.224898099899292
CPLEX_PY	iYS1720	LP1	1	4.252337850278839	0.0974435806274414
CPLEX_PY	iYS1720	LP1	2	4.252337850278839	0.12653326988220215
CPLEX_PY	iYS1720	LP1	3	4.252337850278839	0.17485976219177246
CPLEX_PY	iYS1720	LP1	4	4.252337850278839	0.1791534423828125
CPLEX_PY	iYS1720	LP1	5	4.252337850278839	0.18084168434143066
CPLEX_PY	iYS1720	LP1	6	4.252337850278839	0.09626340866088867
CPLEX_PY	iYS1720	LP1	7	4.252337850278839	0.10276675224304199
CPLEX_PY	iYS1720	LP1	8	4.252337850278839	0.09090232849121094
CPLEX_PY	iYS1720	LP1	9	4.252337850278839	0.11890149116516113
CPLEX_PY	iYS1720	MILP1	0	2.9999999985	273.77316522598267
CPLEX_PY	iYS1720	MILP1	1	2.9999999964999997	480.2941060066223
CPLEX_PY	iYS1720	MILP1	2	2.9999999964999997	82.78996706008911
CPLEX_PY	iYS1720	MILP1	3	2.9999999964999997	429.5199236869812
CPLEX_PY	iYS1720	MILP1	4	2.9999999964999997	418.02084159851074
CPLEX_PY	iYS1720	MILP1	5	2.9999999964999997	78.06167364120483
CPLEX_PY	iYS1720	MILP1	6	2.9999999964999997	77.06081008911133
CPLEX_PY	iYS1720	MILP1	7	2.9999999964999997	464.7962064743042
CPLEX_PY	iYS1720	MILP1	8	2.9999999985	271.92048501968384
CPLEX_PY	iYS1720	MILP1	9	2.9999999964999997	85.83200979232788
CPLEX_PY	Recon3D	LP1	0	43.28239133966799	0.3440537452697754
CPLEX_PY	Recon3D	LP1	1	43.28239133966799	0.2520170211791992
CPLEX_PY	Recon3D	LP1	2	43.28239133966799	0.31060123443603516
CPLEX_PY	Recon3D	LP1	3	43.28239133966799	0.22735381126403809
CPLEX_PY	Recon3D	LP1	4	43.28239133966799	0.26804208755493164
CPLEX_PY	Recon3D	LP1	5	43.28239133966799	0.30904698371887207
CPLEX_PY	Recon3D	LP1	6	43.28239133966799	0.4170219898223877
CPLEX_PY	Recon3D	LP1	7	43.28239133966799	0.3253211975097656
CPLEX_PY	Recon3D	LP1	8	43.28239133966799	0.2679479122161865
CPLEX_PY	Recon3D	LP1	9	43.28239133966799	0.2715585231781006
CPLEX_PY	Recon3D	MILP1	0	4.999999999999998	648.523675441742
CPLEX_PY	Recon3D	MILP1	1	4.999999999999998	120.84695625305176
CPLEX_PY	Recon3D	MILP1	2	4.999999999999998	800.1411168575287
CPLEX_PY	Recon3D	MILP1	3	4.999999999999998	776.415408372879
CPLEX_PY	Recon3D	MILP1	4	4.999999999999998	777.0254971981049
CPLEX_PY	Recon3D	MILP1	5	4.999999999999998	782.740086555481
CPLEX_PY	Recon3D	MILP1	6	4.999999999999998	777.654230594635
CPLEX_PY	Recon3D	MILP1	7	4.999999999999998	120.68334889411926
CPLEX_PY	Recon3D	MILP1	8	4.999999999999998	808.7576851844788
CPLEX_PY	Recon3D	MILP1	9	4.999999999999998	781.6490709781647
GLPK_CMD	iAF1260	LP1	0	3.61014	0.10033011436462402
GLPK_CMD	iAF1260	LP1	1	3.61014	0.09892559051513672
GLPK_CMD	iAF1260	LP1	2	3.61014	0.11600422859191895
GLPK_CMD	iAF1260	LP1	3	3.61014	0.12439489364624023
GLPK_CMD	iAF1260	LP1	4	3.61014	0.10059070587158203
GLPK_CMD	iAF1260	LP1	5	3.61014	0.10470843315124512
GLPK_CMD	iAF1260	LP1	6	3.61014	0.09535408020019531
GLPK_CMD	iAF1260	LP1	7	3.61014	0.12783193588256836
GLPK_CMD	iAF1260	LP1	8	3.61014	0.12766647338867188
GLPK_CMD	iAF1260	LP1	9	3.61014	0.08498525619506836
GLPK_CMD	iAF1260	MILP1	0	13	24.452370405197144
GLPK_CMD	iAF1260	MILP1	1	13	17.933202028274536
GLPK_CMD	iAF1260	MILP1	2	13	18.709980964660645
GLPK_CMD	iAF1260	MILP1	3	13	19.0787091255188
GLPK_CMD	iAF1260	MILP1	4	13	25.24768853187561
GLPK_CMD	iAF1260	MILP1	5	13	23.133641004562378
GLPK_CMD	iAF1260	MILP1	6	13	24.454118251800537
GLPK_CMD	iAF1260	MILP1	7	13	19.557440280914307
GLPK_CMD	iAF1260	MILP1	8	13	17.934147596359253
GLPK_CMD	iAF1260	MILP1	9	13	16.42819571495056
GLPK_CMD	iAF692	LP1	0	0.112946	0.03938698768615723
GLPK_CMD	iAF692	LP1	1	0.112946	0.028959989547729492
GLPK_CMD	iAF692	LP1	2	0.112946	0.0463261604309082
GLPK_CMD	iAF692	LP1	3	0.112946	0.03995060920715332
GLPK_CMD	iAF692	LP1	4	0.112946	0.02983403205871582
GLPK_CMD	iAF692	LP1	5	0.112946	0.03852343559265137
GLPK_CMD	iAF692	LP1	6	0.112946	0.03121805191040039
GLPK_CMD	iAF692	LP1	7	0.112946	0.04186558723449707
GLPK_CMD	iAF692	LP1	8	0.112946	0.0378265380859375
GLPK_CMD	iAF692	LP1	9	0.112946	0.03581571578979492
GLPK_CMD	iAF692	MILP1	0	8	0.06737065315246582
GLPK_CMD	iAF692	MILP1	1	8	0.057382822036743164
GLPK_CMD	iAF692	MILP1	2	8	0.04751753807067871
GLPK_CMD	iAF692	MILP1	3	8	0.05160951614379883
GLPK_CMD	iAF692	MILP1	4	8	0.07569503784179688
GLPK_CMD	iAF692	MILP1	5	8	0.07709288597106934
GLPK_CMD	iAF692	MILP1	6	8	0.06419086456298828
GLPK_CMD	iAF692	MILP1	7	8	0.06628012657165527
GLPK_CMD	iAF692	MILP1	8	8	0.05454540252685547
GLPK_CMD	iAF692	MILP1	9	8	0.07752370834350586
GLPK_CMD	iCHOv1	LP1	0	3.91587	0.2601947784423828
GLPK_CMD	iCHOv1	LP1	1	3.91587	0.30036044120788574
GLPK_CMD	iCHOv1	LP1	2	3.91587	0.28287172317504883
GLPK_CMD	iCHOv1	LP1	3	3.91587	0.21330928802490234
GLPK_CMD	iCHOv1	LP1	4	3.91587	0.22371816635131836
GLPK_CMD	iCHOv1	LP1	5	3.91587	0.28449153900146484
GLPK_CMD	iCHOv1	LP1	6	3.91587	0.29510045051574707
GLPK_CMD	iCHOv1	LP1	7	3.91587	0.26950693130493164
GLPK_CMD	iCHOv1	LP1	8	3.91587	0.23275327682495117
GLPK_CMD	iCHOv1	LP1	9	3.91587	0.29540491104125977
GLPK_CMD	iCHOv1	MILP1	0	10	87.97972202301025
GLPK_CMD	iCHOv1	MILP1	1	10	104.53284454345703
GLPK_CMD	iCHOv1	MILP1	2	10	85.712806224823
GLPK_CMD	iCHOv1	MILP1	3	10	87.3978054523468
GLPK_CMD	iCHOv1	MILP1	4	10	86.29712748527527
GLPK_CMD	iCHOv1	MILP1	5	10	101.59485268592834
GLPK_CMD	iCHOv1	MILP1	6	10	105.88343048095703
GLPK_CMD	iCHOv1	MILP1	7	10	99.5929799079895
GLPK_CMD	iCHOv1	MILP1	8	10	102.23042106628418
GLPK_CMD	iCHOv1	MILP1	9	10	76.34566879272461
GLPK_CMD	iCN718	LP1	0	0.238949	0.05917096138000488
GLPK_CMD	iCN718	LP1	1	0.238949	0.03959178924560547
GLPK_CMD	iCN718	LP1	2	0.238949	0.0466001033782959
GLPK_CMD	iCN718	LP1	3	0.238949	0.050992727279663086
GLPK_CMD	iCN718	LP1	4	0.238949	0.05144333839416504
GLPK_CMD	iCN718	LP1	5	0.238949	0.039987802505493164
GLPK_CMD	iCN718	LP1	6	0.238949	0.04326295852661133
GLPK_CMD	iCN718	LP1	7	0.238949	0.040735721588134766
GLPK_CMD	iCN718	LP1	8	0.238949	0.03996086120605469
GLPK_CMD	iCN718	LP1	9	0.238949	0.03673815727233887
GLPK_CMD	iCN718	MILP1	0	3	0.654177188873291
GLPK_CMD	iCN718	MILP1	1	3	0.6038951873779297
GLPK_CMD	iCN718	MILP1	2	3	0.47704362869262695
GLPK_CMD	iCN718	MILP1	3	3	0.4607508182525635
GLPK_CMD	iCN718	MILP1	4	3	0.5971739292144775
GLPK_CMD	iCN718	MILP1	5	3	0.4337773323059082
GLPK_CMD	iCN718	MILP1	6	3	0.4342172145843506
GLPK_CMD	iCN718	MILP1	7	3	0.6774501800537109
GLPK_CMD	iCN718	MILP1	8	3	0.6213028430938721
GLPK_CMD	iCN718	MILP1	9	3	0.5630762577056885
GLPK_CMD	iIT341	LP1	0	0.291877	0.038292646408081055
GLPK_CMD	iIT341	LP1	1	0.291877	0.04507637023925781
GLPK_CMD	iIT341	LP1	2	0.291877	0.29387998580932617
GLPK_CMD	iIT341	LP1	3	0.291877	0.02345561981201172
GLPK_CMD	iIT341	LP1	4	0.291877	0.03252077102661133
GLPK_CMD	iIT341	LP1	5	0.291877	0.034850358963012695
GLPK_CMD	iIT341	LP1	6	0.291877	0.04256892204284668
GLPK_CMD	iIT341	LP1	7	0.291877	0.032989501953125
GLPK_CMD	iIT341	LP1	8	0.291877	0.029929161071777344
GLPK_CMD	iIT341	LP1	9	0.291877	0.02923750877380371
GLPK_CMD	iIT341	MILP1	0	9	0.11347818374633789
GLPK_CMD	iIT341	MILP1	1	9	0.1335916519165039
GLPK_CMD	iIT341	MILP1	2	9	0.10386133193969727
GLPK_CMD	iIT341	MILP1	3	9	0.11716747283935547
GLPK_CMD	iIT341	MILP1	4	9	0.10585761070251465
GLPK_CMD	iIT341	MILP1	5	9	0.12181234359741211
GLPK_CMD	iIT341	MILP1	6	9	0.14231204986572266
GLPK_CMD	iIT341	MILP1	7	9	0.10840082168579102
GLPK_CMD	iIT341	MILP1	8	9	0.10352683067321777
GLPK_CMD	iIT341	MILP1	9	9	0.10634374618530273
GLPK_CMD	iJO1366	LP1	0	4.18348	0.10256814956665039
GLPK_CMD	iJO1366	LP1	1	4.18348	0.13762569427490234
GLPK_CMD	iJO1366	LP1	2	4.18348	0.13869261741638184
GLPK_CMD	iJO1366	LP1	3	4.18348	0.1322629451751709
GLPK_CMD	iJO1366	LP1	4	4.18348	0.10206317901611328
GLPK_CMD	iJO1366	LP1	5	4.18348	0.12682628631591797
GLPK_CMD	iJO1366	LP1	6	4.18348	0.11054015159606934
GLPK_CMD	iJO1366	LP1	7	4.18348	0.10522985458374023
GLPK_CMD	iJO1366	LP1	8	4.18348	0.12466645240783691
GLPK_CMD	iJO1366	LP1	9	4.18348	0.13776278495788574
GLPK_CMD	iJO1366	MILP1	0	9	921.2699749469757
GLPK_CMD	iJO1366	MILP1	1	9	851.0211308002472
GLPK_CMD	iJO1366	MILP1	2	9	1252.4251928329468
GLPK_CMD	iJO1366	MILP1	3	9	1105.7599575519562
GLPK_CMD	iJO1366	MILP1	4	9	925.3334336280823
GLPK_CMD	iJO1366	MILP1	5	9	849.5745275020599
GLPK_CMD	iJO1366	MILP1	6	9	847.3455390930176
GLPK_CMD	iJO1366	MILP1	7	9	973.5636053085327
GLPK_CMD	iJO1366	MILP1	8	9	1011.1254508495331
GLPK_CMD	iJO1366	MILP1	9	9	1282.75914144516
GLPK_CMD	iLJ478	LP1	0	0.177303	0.03702902793884277
GLPK_CMD	iLJ478	LP1	1	0.177303	0.02864980697631836
GLPK_CMD	iLJ478	LP1	2	0.177303	0.03727865219116211
GLPK_CMD	iLJ478	LP1	3	0.177303	0.028328418731689453
GLPK_CMD	iLJ478	LP1	4	0.177303	0.025675535202026367
GLPK_CMD	iLJ478	LP1	5	0.177303	0.03220820426940918
GLPK_CMD	iLJ478	LP1	6	0.177303	0.03112506866455078
GLPK_CMD	iLJ478	LP1	7	0.177303	0.03738665580749512
GLPK_CMD	iLJ478	LP1	8	0.177303	0.03650379180908203
GLPK_CMD	iLJ478	LP1	9	0.177303	0.028825044631958008
GLPK_CMD	iLJ478	MILP1	0	5	0.25517773628234863
GLPK_CMD	iLJ478	MILP1	1	5	0.2067732810974121
GLPK_CMD	iLJ478	MILP1	2	5	0.1818387508392334
GLPK_CMD	iLJ478	MILP1	3	5	0.21782946586608887
GLPK_CMD	iLJ478	MILP1	4	5	0.2040872573852539
GLPK_CMD	iLJ478	MILP1	5	5	0.2971346378326416
GLPK_CMD	iLJ478	MILP1	6	5	0.19439053535461426
GLPK_CMD	iLJ478	MILP1	7	5	0.3060324192047119
GLPK_CMD	iLJ478	MILP1	8	5	0.29212522506713867
GLPK_CMD	iLJ478	MILP1	9	5	0.19018316268920898
GLPK_CMD	iMM904	LP1	0	0.717422	0.06862163543701172
GLPK_CMD	iMM904	LP1	1	0.717422	0.0568084716796875
GLPK_CMD	iMM904	LP1	2	0.717422	0.06295490264892578
GLPK_CMD	iMM904	LP1	3	0.717422	0.07706952095031738
GLPK_CMD	iMM904	LP1	4	0.717422	0.07723355293273926
GLPK_CMD	iMM904	LP1	5	0.717422	0.07449078559875488
GLPK_CMD	iMM904	LP1	6	0.717422	0.05128788948059082
GLPK_CMD	iMM904	LP1	7	0.717422	0.07120847702026367
GLPK_CMD	iMM904	LP1	8	0.717422	0.05991363525390625
GLPK_CMD	iMM904	LP1	9	0.717422	0.05397653579711914
GLPK_CMD	iMM904	MILP1	0	3	0.44990110397338867
GLPK_CMD	iMM904	MILP1	1	3	0.30341482162475586
GLPK_CMD	iMM904	MILP1	2	3	0.2935757637023926
GLPK_CMD	iMM904	MILP1	3	3	0.3195769786834717
GLPK_CMD	iMM904	MILP1	4	3	0.2754378318786621
GLPK_CMD	iMM904	MILP1	5	3	0.2775602340698242
GLPK_CMD	iMM904	MILP1	6	3	0.29716968536376953
GLPK_CMD	iMM904	MILP1	7	3	0.36612963676452637
GLPK_CMD	iMM904	MILP1	8	3	0.42508888244628906
GLPK_CMD	iMM904	MILP1	9	3	0.2842857837677002
GLPK_CMD	iYS1720	LP1	0	4.25234	0.14163804054260254
GLPK_CMD	iYS1720	LP1	1	4.25234	0.18722295761108398
GLPK_CMD	iYS1720	LP1	2	4.25234	0.17109084129333496
GLPK_CMD	iYS1720	LP1	3	4.25234	0.17145872116088867
GLPK_CMD	iYS1720	LP1	4	4.25234	0.18175435066223145
GLPK_CMD	iYS1720	LP1	5	4.25234	0.1384880542755127
GLPK_CMD	iYS1720	LP1	6	4.25234	0.14692354202270508
GLPK_CMD	iYS1720	LP1	7	4.25234	0.16637849807739258
GLPK_CMD	iYS1720	LP1	8	4.25234	0.18660545349121094
GLPK_CMD	iYS1720	LP1	9	4.25234	0.13301301002502441
GLPK_CMD	iYS1720	MILP1	0	3	4.289065361022949
GLPK_CMD	iYS1720	MILP1	1	3	4.610736846923828
GLPK_CMD	iYS1720	MILP1	2	3	4.266901969909668
GLPK_CMD	iYS1720	MILP1	3	3	4.230048179626465
GLPK_CMD	iYS1720	MILP1	4	3	4.171111583709717
GLPK_CMD	iYS1720	MILP1	5	3	5.296606063842773
GLPK_CMD	iYS1720	MILP1	6	3	5.522318124771118
GLPK_CMD	iYS1720	MILP1	7	3	5.760557174682617
GLPK_CMD	iYS1720	MILP1	8	3	5.347710132598877
GLPK_CMD	iYS1720	MILP1	9	3	4.074390411376953
GLPK_CMD	Recon3D	LP1	0	43.2824	0.6225893497467041
GLPK_CMD	Recon3D	LP1	1	43.2824	0.7445802688598633
GLPK_CMD	Recon3D	LP1	2	43.2824	0.6709315776824951
GLPK_CMD	Recon3D	LP1	3	43.2824	0.8488156795501709
GLPK_CMD	Recon3D	LP1	4	43.2824	0.625385046005249
GLPK_CMD	Recon3D	LP1	5	43.2824	0.710233211517334
GLPK_CMD	Recon3D	LP1	6	43.2824	0.6387550830841064
GLPK_CMD	Recon3D	LP1	7	43.2824	0.6217489242553711
GLPK_CMD	Recon3D	LP1	8	43.2824	0.6243882179260254
GLPK_CMD	Recon3D	LP1	9	43.2824	0.7113528251647949
HiGHS_CMD	iAF1260	LP1	0	3.6101431416268	0.12484979629516602
HiGHS_CMD	iAF1260	LP1	1	3.6101431416268	0.13950061798095703
HiGHS_CMD	iAF1260	LP1	2	3.6101431416268	0.1629629135131836
HiGHS_CMD	iAF1260	LP1	3	3.6101431416268	0.1318361759185791
HiGHS_CMD	iAF1260	LP1	4	3.6101431416268	0.1335287094116211
HiGHS_CMD	iAF1260	LP1	5	3.6101431416268	0.14293932914733887
HiGHS_CMD	iAF1260	LP1	6	3.6101431416268	0.1347036361694336
HiGHS_CMD	iAF1260	LP1	7	3.6101431416268	0.11059117317199707
HiGHS_CMD	iAF1260	LP1	8	3.6101431416268	0.13474106788635254
HiGHS_CMD	iAF1260	LP1	9	3.6101431416268	0.1544814109802246
HiGHS_CMD	iAF1260	MILP1	0	13.0	3.813047170639038
HiGHS_CMD	iAF1260	MILP1	1	13.0	3.805116653442383
HiGHS_CMD	iAF1260	MILP1	2	13.0	4.474431276321411
HiGHS_CMD	iAF1260	MILP1	3	13.0	3.587301015853882
HiGHS_CMD	iAF1260	MILP1	4	13.0	3.4221200942993164
HiGHS_CMD	iAF1260	MILP1	5	13.0	3.7836215496063232
HiGHS_CMD	iAF1260	MILP1	6	13.0	4.747899293899536
HiGHS_CMD	iAF1260	MILP1	7	13.0	3.662043809890747
HiGHS_CMD	iAF1260	MILP1	8	13.0	5.27583646774292
HiGHS_CMD	iAF1260	MILP1	9	13.0	3.945612668991089
HiGHS_CMD	iAF692	LP1	0	0.1129462151909	0.08954811096191406
HiGHS_CMD	iAF692	LP1	1	0.1129462151909	0.057489633560180664
HiGHS_CMD	iAF692	LP1	2	0.1129462151909	0.1109762191772461
HiGHS_CMD	iAF692	LP1	3	0.1129462151909	0.0654592514038086
HiGHS_CMD	iAF692	LP1	4	0.1129462151909	0.06721282005310059
HiGHS_CMD	iAF692	LP1	5	0.1129462151909	0.06183457374572754
HiGHS_CMD	iAF692	LP1	6	0.1129462151909	0.06769967079162598
HiGHS_CMD	iAF692	LP1	7	0.1129462151909	0.07172727584838867
HiGHS_CMD	iAF692	LP1	8	0.1129462151909	0.06633853912353516
HiGHS_CMD	iAF692	LP1	9	0.1129462151909	0.05588507652282715
HiGHS_CMD	iAF692	MILP1	0	8.0	0.3465266227722168
HiGHS_CMD	iAF692	MILP1	1	8.0	0.5458557605743408
HiGHS_CMD	iAF692	MILP1	2	8.0	0.3193199634552002
HiGHS_CMD	iAF692	MILP1	3	8.0	0.3960139751434326
HiGHS_CMD	iAF692	MILP1	4	8.0	0.31664395332336426
HiGHS_CMD	iAF692	MILP1	5	8.0	0.37253284454345703
HiGHS_CMD	iAF692	MILP1	6	8.0	0.29538822174072266
HiGHS_CMD	iAF692	MILP1	7	8.0	0.3993568420410156
HiGHS_CMD	iAF692	MILP1	8	8.0	0.3692812919616699
HiGHS_CMD	iAF692	MILP1	9	8.0	0.3104579448699951
HiGHS_CMD	iCHOv1	LP1	0	3.9158732431988	0.6060478687286377
HiGHS_CMD	iCHOv1	LP1	1	3.9158732431988	0.40782737731933594
HiGHS_CMD	iCHOv1	LP1	2	3.9158732431988	0.327988862991333
HiGHS_CMD	iCHOv1	LP1	3	3.9158732431988	0.29653096199035645
HiGHS_CMD	iCHOv1	LP1	4	3.9158732431988	0.3924367427825928
HiGHS_CMD	iCHOv1	LP1	5	3.9158732431988	0.4154195785522461
HiGHS_CMD	iCHOv1	LP1	6	3.9158732431988	0.37331461906433105
HiGHS_CMD	iCHOv1	LP1	7	3.9158732431988	0.3090386390686035
HiGHS_CMD	iCHOv1	LP1	8	3.9158732431988	0.38916993141174316
HiGHS_CMD	iCHOv1	LP1	9	3.9158732431988	0.3615446090698242
HiGHS_CMD	iCHOv1	MILP1	0	10.0	1.117349624633789
HiGHS_CMD	iCHOv1	MILP1	1	10.0	1.0051450729370117
HiGHS_CMD	iCHOv1	MILP1	2	10.0	1.1145493984222412
HiGHS_CMD	iCHOv1	MILP1	3	10.0	1.5307846069335938
HiGHS_CMD	iCHOv1	MILP1	4	10.0	1.2017347812652588
HiGHS_CMD	iCHOv1	MILP1	5	10.0	1.3525071144104004
HiGHS_CMD	iCHOv1	MILP1	6	10.0	1.0319139957427979
HiGHS_CMD	iCHOv1	MILP1	7	10.0	1.568749189376831
HiGHS_CMD	iCHOv1	MILP1	8	10.0	1.010183572769165
HiGHS_CMD	iCHOv1	MILP1	9	10.0	1.0433101654052734
HiGHS_CMD	iCN718	LP1	0	0.2389492246751	0.10807418823242188
HiGHS_CMD	iCN718	LP1	1	0.2389492246751	0.08258414268493652
HiGHS_CMD	iCN718	LP1	2	0.2389492246751	0.09501504898071289
HiGHS_CMD	iCN718	LP1	3	0.2389492246751	0.0729222297668457
HiGHS_CMD	iCN718	LP1	4	0.2389492246751	0.07934880256652832
HiGHS_CMD	iCN718	LP1	5	0.2389492246751	0.07428455352783203
HiGHS_CMD	iCN718	LP1	6	0.2389492246751	0.0764167308807373
HiGHS_CMD	iCN718	LP1	7	0.2389492246751	0.07300996780395508
HiGHS_CMD	iCN718	LP1	8	0.2389492246751	0.08655500411987305
HiGHS_CMD	iCN718	LP1	9	0.2389492246751	0.06955122947692871
HiGHS_CMD	iCN718	MILP1	0	3.0	0.7967333793640137
HiGHS_CMD	iCN718	MILP1	1	3.0	0.7444055080413818
HiGHS_CMD	iCN718	MILP1	2	3.0	0.7100157737731934
HiGHS_CMD	iCN718	MILP1	3	3.0	0.6830146312713623
HiGHS_CMD	iCN718	MILP1	4	3.0	0.6676115989685059
HiGHS_CMD	iCN718	MILP1	5	3.0	0.9107882976531982
HiGHS_CMD	iCN718	MILP1	6	3.0	0.8316020965576172
HiGHS_CMD	iCN718	MILP1	7	3.0	0.7130129337310791
HiGHS_CMD	iCN718	MILP1	8	3.0	0.6860942840576172
HiGHS_CMD	iCN718	MILP1	9	3.0	0.8902668952941895
HiGHS_CMD	iIT341	LP1	0	0.2918772384925	0.17946505546569824
HiGHS_CMD	iIT341	LP1	1	0.2918772384925	0.0664825439453125
HiGHS_CMD	iIT341	LP1	2	0.2918772384925	0.12228536605834961
HiGHS_CMD	iIT341	LP1	3	0.2918772384925	0.07410526275634766
HiGHS_CMD	iIT341	LP1	4	0.2918772384925	0.06858515739440918
HiGHS_CMD	iIT341	LP1	5	0.2918772384925	0.06932973861694336
HiGHS_CMD	iIT341	LP1	6	0.2918772384925	0.07582783699035645
HiGHS_CMD	iIT341	LP1	7	0.2918772384925	0.07980990409851074
HiGHS_CMD	iIT341	LP1	8	0.2918772384925	0.06296992301940918
HiGHS_CMD	iIT341	LP1	9	0.2918772384925	0.04495692253112793
HiGHS_CMD	iIT341	MILP1	0	12.0	0.1300499439239502
HiGHS_CMD	iIT341	MILP1	1	12.0	0.11352252960205078
HiGHS_CMD	iIT341	MILP1	2	12.0	0.09223031997680664
HiGHS_CMD	iIT341	MILP1	3	12.0	0.08315277099609375
HiGHS_CMD	iIT341	MILP1	4	12.0	0.07016420364379883
HiGHS_CMD	iIT341	MILP1	5	12.0	0.11610794067382812
HiGHS_CMD	iIT341	MILP1	6	12.0	0.06163954734802246
HiGHS_CMD	iIT341	MILP1	7	12.0	0.08209013938903809
HiGHS_CMD	iIT341	MILP1	8	12.0	0.06060433387756348
HiGHS_CMD	iIT341	MILP1	9	12.0	0.06134033203125
HiGHS_CMD	iJO1366	LP1	0	4.1834804303914	0.30245494842529297
HiGHS_CMD	iJO1366	LP1	1	4.1834804303914	0.16077113151550293
HiGHS_CMD	iJO1366	LP1	2	4.1834804303914	0.14993858337402344
HiGHS_CMD	iJO1366	LP1	3	4.1834804303914	0.16008353233337402
HiGHS_CMD	iJO1366	LP1	4	4.1834804303914	0.13715195655822754
HiGHS_CMD	iJO1366	LP1	5	4.1834804303914	0.19833087921142578
HiGHS_CMD	iJO1366	LP1	6	4.1834804303914	0.12920904159545898
HiGHS_CMD	iJO1366	LP1	7	4.1834804303914	0.15096592903137207
HiGHS_CMD	iJO1366	LP1	8	4.1834804303914	0.14509224891662598
HiGHS_CMD	iJO1366	LP1	9	4.1834804303914	0.13533949851989746
HiGHS_CMD	iJO1366	MILP1	0	15.0	6.265108108520508
HiGHS_CMD	iJO1366	MILP1	1	15.0	5.36227560043335
HiGHS_CMD	iJO1366	MILP1	2	15.0	6.114242792129517
HiGHS_CMD	iJO1366	MILP1	3	15.0	5.479066610336304
HiGHS_CMD	iJO1366	MILP1	4	15.0	5.87317681312561
HiGHS_CMD	iJO1366	MILP1	5	15.0	8.568078994750977
HiGHS_CMD	iJO1366	MILP1	6	15.0	7.35490345954895
HiGHS_CMD	iJO1366	MILP1	7	15.0	5.960341215133667
HiGHS_CMD	iJO1366	MILP1	8	15.0	7.725755453109741
HiGHS_CMD	iJO1366	MILP1	9	15.0	6.164690732955933
HiGHS_CMD	iLJ478	LP1	0	0.1773033816015	0.12432193756103516
HiGHS_CMD	iLJ478	LP1	1	0.1773033816015	0.07278943061828613
HiGHS_CMD	iLJ478	LP1	2	0.1773033816015	0.10814714431762695
HiGHS_CMD	iLJ478	LP1	3	0.1773033816015	0.05543160438537598
HiGHS_CMD	iLJ478	LP1	4	0.1773033816015	0.07970452308654785
HiGHS_CMD	iLJ478	LP1	5	0.1773033816015	0.07213973999023438
HiGHS_CMD	iLJ478	LP1	6	0.1773033816015	0.06753897666931152
HiGHS_CMD	iLJ478	LP1	7	0.1773033816015	0.0779409408569336
HiGHS_CMD	iLJ478	LP1	8	0.1773033816015	0.06693434715270996
HiGHS_CMD	iLJ478	LP1	9	0.1773033816015	0.07602763175964355
HiGHS_CMD	iLJ478	MILP1	0	5.0	0.32592296600341797
HiGHS_CMD	iLJ478	MILP1	1	5.0	0.33994507789611816
HiGHS_CMD	iLJ478	MILP1	2	5.0	0.351895809173584
HiGHS_CMD	iLJ478	MILP1	3	5.0	0.24015283584594727
HiGHS_CMD	iLJ478	MILP1	4	5.0	0.2393031120300293
HiGHS_CMD	iLJ478	MILP1	5	5.0	0.2599003314971924
HiGHS_CMD	iLJ478	MILP1	6	5.0	0.28931260108947754
HiGHS_CMD	iLJ478	MILP1	7	5.0	0.2506449222564697
HiGHS_CMD	iLJ478	MILP1	8	5.0	0.22192597389221191
HiGHS_CMD	iLJ478	MILP1	9	5.0	0.2823319435119629
HiGHS_CMD	iMM904	LP1	0	0.7174219325653	0.09648537635803223
HiGHS_CMD	iMM904	LP1	1	0.7174219325653	0.13205385208129883
HiGHS_CMD	iMM904	LP1	2	0.7174219325653	0.10929632186889648
HiGHS_CMD	iMM904	LP1	3	0.7174219325653	0.08896636962890625
HiGHS_CMD	iMM904	LP1	4	0.7174219325653	0.09889912605285645
HiGHS_CMD	iMM904	LP1	5	0.7174219325653	0.10004711151123047
HiGHS_CMD	iMM904	LP1	6	0.7174219325653	0.09279370307922363
HiGHS_CMD	iMM904	LP1	7	0.7174219325653	0.10528755187988281
HiGHS_CMD	iMM904	LP1	8	0.7174219325653	0.08846688270568848
HiGHS_CMD	iMM904	LP1	9	0.7174219325653	0.08449244499206543
HiGHS_CMD	iMM904	MILP1	0	3.0	0.4169008731842041
HiGHS_CMD	iMM904	MILP1	1	3.0	0.3613419532775879
HiGHS_CMD	iMM904	MILP1	2	3.0	0.3723931312561035
HiGHS_CMD	iMM904	MILP1	3	3.0	0.3720531463623047
HiGHS_CMD	iMM904	MILP1	4	3.0	0.48666858673095703
HiGHS_CMD	iMM904	MILP1	5	3.0	0.38384509086608887
HiGHS_CMD	iMM904	MILP1	6	3.0	0.36541199684143066
HiGHS_CMD	iMM904	MILP1	7	3.0	0.4369783401489258
HiGHS_CMD	iMM904	MILP1	8	3.0	0.363037109375
HiGHS_CMD	iMM904	MILP1	9	3.0	0.438920259475708
HiGHS_CMD	iYS1720	LP1	0	4.2523378502788	0.2525367736816406
HiGHS_CMD	iYS1720	LP1	1	4.2523378502788	0.18436288833618164
HiGHS_CMD	iYS1720	LP1	2	4.2523378502788	0.20627284049987793
HiGHS_CMD	iYS1720	LP1	3	4.2523378502788	0.21629548072814941
HiGHS_CMD	iYS1720	LP1	4	4.2523378502788	0.1930248737335205
HiGHS_CMD	iYS1720	LP1	5	4.2523378502788	0.16553544998168945
HiGHS_CMD	iYS1720	LP1	6	4.2523378502788	0.1462259292602539
HiGHS_CMD	iYS1720	LP1	7	4.2523378502788	0.16759800910949707
HiGHS_CMD	iYS1720	LP1	8	4.2523378502788	0.17341899871826172
HiGHS_CMD	iYS1720	LP1	9	4.2523378502788	0.12420868873596191
HiGHS_CMD	iYS1720	MILP1	0	3.0	2.3322131633758545
HiGHS_CMD	iYS1720	MILP1	1	3.0	2.1988723278045654
HiGHS_CMD	iYS1720	MILP1	2	3.0	2.791640043258667
HiGHS_CMD	iYS1720	MILP1	3	3.0	2.4881644248962402
HiGHS_CMD	iYS1720	MILP1	4	3.0	2.817903995513916
HiGHS_CMD	iYS1720	MILP1	5	3.0	2.209061622619629
HiGHS_CMD	iYS1720	MILP1	6	3.0	2.264636993408203
HiGHS_CMD	iYS1720	MILP1	7	3.0	2.3386588096618652
HiGHS_CMD	iYS1720	MILP1	8	3.0	2.7304069995880127
HiGHS_CMD	iYS1720	MILP1	9	3.0	3.016512870788574
HiGHS_CMD	Recon3D	LP1	0	43.2823913396682	0.6146187782287598
HiGHS_CMD	Recon3D	LP1	1	43.2823913396682	0.6720426082611084
HiGHS_CMD	Recon3D	LP1	2	43.2823913396682	0.5183620452880859
HiGHS_CMD	Recon3D	LP1	3	43.2823913396682	0.7111766338348389
HiGHS_CMD	Recon3D	LP1	4	43.2823913396682	0.664283275604248
HiGHS_CMD	Recon3D	LP1	5	43.2823913396682	0.704401969909668
HiGHS_CMD	Recon3D	LP1	6	43.2823913396682	0.5326035022735596
HiGHS_CMD	Recon3D	LP1	7	43.2823913396682	0.6693439483642578
HiGHS_CMD	Recon3D	LP1	8	43.2823913396682	0.5301830768585205
HiGHS_CMD	Recon3D	LP1	9	43.2823913396682	0.6179718971252441
HiGHS_CMD	Recon3D	MILP1	0	5.0	15.740868091583252
HiGHS_CMD	Recon3D	MILP1	1	5.0	14.151717185974121
HiGHS_CMD	Recon3D	MILP1	2	5.0	15.251508712768555
HiGHS_CMD	Recon3D	MILP1	3	5.0	20.32182002067566
HiGHS_CMD	Recon3D	MILP1	4	5.0	14.082915306091309
HiGHS_CMD	Recon3D	MILP1	5	5.0	20.183377981185913
HiGHS_CMD	Recon3D	MILP1	6	5.0	16.76109290122986
HiGHS_CMD	Recon3D	MILP1	7	5.0	20.74333882331848
HiGHS_CMD	Recon3D	MILP1	8	5.0	15.37741494178772
HiGHS_CMD	Recon3D	MILP1	9	5.0	18.176363706588745
SCIP_CMD	iAF1260	LP1	0	3.6101431416268	0.17467212677001953
SCIP_CMD	iAF1260	LP1	1	3.6101431416268	0.29564881324768066
SCIP_CMD	iAF1260	LP1	2	3.6101431416268	0.3202364444732666
SCIP_CMD	iAF1260	LP1	3	3.6101431416268	0.2726874351501465
SCIP_CMD	iAF1260	LP1	4	3.6101431416268	0.19010233879089355
SCIP_CMD	iAF1260	LP1	5	3.6101431416268	0.18965435028076172
SCIP_CMD	iAF1260	LP1	6	3.6101431416268	0.26341891288757324
SCIP_CMD	iAF1260	LP1	7	3.6101431416268	0.188370943069458
SCIP_CMD	iAF1260	LP1	8	3.6101431416268	0.2656280994415283
SCIP_CMD	iAF1260	LP1	9	3.6101431416268	0.18850016593933105
SCIP_CMD	iAF1260	MILP1	0	13.0	4.7039079666137695
SCIP_CMD	iAF1260	MILP1	1	13.0	4.77093243598938
SCIP_CMD	iAF1260	MILP1	2	13.0	5.110592842102051
SCIP_CMD	iAF1260	MILP1	3	13.0	6.047728776931763
SCIP_CMD	iAF1260	MILP1	4	13.0	5.904553174972534
SCIP_CMD	iAF1260	MILP1	5	13.0	4.730840444564819
SCIP_CMD	iAF1260	MILP1	6	13.0	5.289017677307129
SCIP_CMD	iAF1260	MILP1	7	13.0	6.46003794670105
SCIP_CMD	iAF1260	MILP1	8	13.0	4.347304344177246
SCIP_CMD	iAF1260	MILP1	9	13.0	5.5585668087005615
SCIP_CMD	iAF692	LP1	0	0.112946215190857	0.8076798915863037
SCIP_CMD	iAF692	LP1	1	0.112946215190857	0.39151501655578613
SCIP_CMD	iAF692	LP1	2	0.112946215190857	0.08766412734985352
SCIP_CMD	iAF692	LP1	3	0.112946215190857	0.062307119369506836
SCIP_CMD	iAF692	LP1	4	0.112946215190857	0.09298038482666016
SCIP_CMD	iAF692	LP1	5	0.112946215190857	0.06255674362182617
SCIP_CMD	iAF692	LP1	6	0.112946215190857	0.09492874145507812
SCIP_CMD	iAF692	LP1	7	0.112946215190857	0.09343266487121582
SCIP_CMD	iAF692	LP1	8	0.112946215190857	0.06311821937561035
SCIP_CMD	iAF692	LP1	9	0.112946215190857	0.08996295928955078
SCIP_CMD	iAF692	MILP1	0	8.0	0.6870758533477783
SCIP_CMD	iAF692	MILP1	1	8.0	0.12839603424072266
SCIP_CMD	iAF692	MILP1	2	8.0	0.11509084701538086
SCIP_CMD	iAF692	MILP1	3	8.0	0.12784910202026367
SCIP_CMD	iAF692	MILP1	4	8.0	0.11491727828979492
SCIP_CMD	iAF692	MILP1	5	8.0	0.29663705825805664
SCIP_CMD	iAF692	MILP1	6	8.0	0.1391921043395996
SCIP_CMD	iAF692	MILP1	7	8.0	0.12861895561218262
SCIP_CMD	iAF692	MILP1	8	8.0	0.12851476669311523
SCIP_CMD	iAF692	MILP1	9	8.0	0.16637539863586426
SCIP_CMD	iCHOv1	LP1	0	3.91587324319878	1.0867085456848145
SCIP_CMD	iCHOv1	LP1	1	3.91587324319878	0.537970781326294
SCIP_CMD	iCHOv1	LP1	2	3.91587324319878	0.6486575603485107
SCIP_CMD	iCHOv1	LP1	3	3.91587324319878	0.48375558853149414
SCIP_CMD	iCHOv1	LP1	4	3.91587324319878	0.5895962715148926
SCIP_CMD	iCHOv1	LP1	5	3.91587324319878	0.6734602451324463
SCIP_CMD	iCHOv1	LP1	6	3.91587324319878	0.6083121299743652
SCIP_CMD	iCHOv1	LP1	7	3.91587324319878	0.7151219844818115
SCIP_CMD	iCHOv1	LP1	8	3.91587324319878	0.5128335952758789
SCIP_CMD	iCHOv1	LP1	9	3.91587324319878	0.6472969055175781
SCIP_CMD	iCHOv1	MILP1	0	10.0	1.0893146991729736
SCIP_CMD	iCHOv1	MILP1	1	10.0	1.1792614459991455
SCIP_CMD	iCHOv1	MILP1	2	10.0	1.0111188888549805
SCIP_CMD	iCHOv1	MILP1	3	10.0	1.158634901046753
SCIP_CMD	iCHOv1	MILP1	4	10.0	1.4667267799377441
SCIP_CMD	iCHOv1	MILP1	5	10.0	1.351813554763794
SCIP_CMD	iCHOv1	MILP1	6	10.0	1.13328218460083
SCIP_CMD	iCHOv1	MILP1	7	10.0	1.2822566032409668
SCIP_CMD	iCHOv1	MILP1	8	10.0	1.449310541152954
SCIP_CMD	iCHOv1	MILP1	9	10.0	1.691138744354248
SCIP_CMD	iCN718	LP1	0	0.238949224675067	0.07735276222229004
SCIP_CMD	iCN718	LP1	1	0.238949224675067	0.12534427642822266
SCIP_CMD	iCN718	LP1	2	0.238949224675067	0.16579461097717285
SCIP_CMD	iCN718	LP1	3	0.238949224675067	0.08244442939758301
SCIP_CMD	iCN718	LP1	4	0.238949224675067	0.1332855224609375
SCIP_CMD	iCN718	LP1	5	0.238949224675067	0.09204864501953125
SCIP_CMD	iCN718	LP1	6	0.238949224675067	0.12088298797607422
SCIP_CMD	iCN718	LP1	7	0.238949224675067	0.08328127861022949
SCIP_CMD	iCN718	LP1	8	0.238949224675067	0.08479905128479004
SCIP_CMD	iCN718	LP1	9	0.238949224675067	0.11844635009765625
SCIP_CMD	iCN718	MILP1	0	3.0	0.26683902740478516
SCIP_CMD	iCN718	MILP1	1	3.0	0.26470375061035156
SCIP_CMD	iCN718	MILP1	2	3.0	0.31423163414001465
SCIP_CMD	iCN718	MILP1	3	3.0	0.36623072624206543
SCIP_CMD	iCN718	MILP1	4	3.0	0.270266056060791
SCIP_CMD	iCN718	MILP1	5	3.0	0.3289189338684082
SCIP_CMD	iCN718	MILP1	6	3.0	2.083534002304077
SCIP_CMD	iCN718	MILP1	7	3.0	0.365558385848999
SCIP_CMD	iCN718	MILP1	8	3.0	0.2348155975341797
SCIP_CMD	iCN718	MILP1	9	3.0	0.32513952255249023
SCIP_CMD	iIT341	LP1	0	0.291877238492504	1.0318520069122314
SCIP_CMD	iIT341	LP1	1	0.291877238492504	0.8418622016906738
SCIP_CMD	iIT341	LP1	2	0.291877238492504	0.11257791519165039
SCIP_CMD	iIT341	LP1	3	0.291877238492504	0.08207583427429199
SCIP_CMD	iIT341	LP1	4	0.291877238492504	0.058980464935302734
SCIP_CMD	iIT341	LP1	5	0.291877238492504	0.059355974197387695
SCIP_CMD	iIT341	LP1	6	0.291877238492504	0.051554203033447266
SCIP_CMD	iIT341	LP1	7	0.291877238492504	0.08927488327026367
SCIP_CMD	iIT341	LP1	8	0.291877238492504	0.08082985877990723
SCIP_CMD	iIT341	LP1	9	0.291877238492504	0.05780386924743652
SCIP_CMD	iIT341	MILP1	0	11.0	0.990739107131958
SCIP_CMD	iIT341	MILP1	1	11.0	0.16553401947021484
SCIP_CMD	iIT341	MILP1	2	11.0	0.11651802062988281
SCIP_CMD	iIT341	MILP1	3	11.0	0.11426496505737305
SCIP_CMD	iIT341	MILP1	4	11.0	0.08246469497680664
SCIP_CMD	iIT341	MILP1	5	11.0	0.1143648624420166
SCIP_CMD	iIT341	MILP1	6	11.0	0.09051871299743652
SCIP_CMD	iIT341	MILP1	7	11.0	0.11867070198059082
SCIP_CMD	iIT341	MILP1	8	11.0	0.11566710472106934
SCIP_CMD	iIT341	MILP1	9	11.0	0.1077721118927002
SCIP_CMD	iJO1366	LP1	0	4.18348043039142	0.1936054229736328
SCIP_CMD	iJO1366	LP1	1	4.18348043039142	0.3490104675292969
SCIP_CMD	iJO1366	LP1	2	4.18348043039142	0.2969489097595215
SCIP_CMD	iJO1366	LP1	3	4.18348043039142	0.3220334053039551
SCIP_CMD	iJO1366	LP1	4	4.18348043039142	0.23452329635620117
SCIP_CMD	iJO1366	LP1	5	4.18348043039142	0.21826505661010742
SCIP_CMD	iJO1366	LP1	6	4.18348043039142	0.7008206844329834
SCIP_CMD	iJO1366	LP1	7	4.18348043039142	0.2218489646911621
SCIP_CMD	iJO1366	LP1	8	4.18348043039142	0.2825891971588135
SCIP_CMD	iJO1366	LP1	9	4.18348043039142	0.19560599327087402
SCIP_CMD	iJO1366	MILP1	0	14.0	4.827502489089966
SCIP_CMD	iJO1366	MILP1	1	14.0	4.980705499649048
SCIP_CMD	iJO1366	MILP1	2	14.0	6.064286708831787
SCIP_CMD	iJO1366	MILP1	3	14.0	6.459198951721191
SCIP_CMD	iJO1366	MILP1	4	14.0	4.91395378112793
SCIP_CMD	iJO1366	MILP1	5	14.0	5.849457263946533
SCIP_CMD	iJO1366	MILP1	6	14.0	5.048787593841553
SCIP_CMD	iJO1366	MILP1	7	14.0	5.0351526737213135
SCIP_CMD	iJO1366	MILP1	8	14.0	6.5845232009887695
SCIP_CMD	iJO1366	MILP1	9	14.0	6.356115102767944
SCIP_CMD	iLJ478	LP1	0	0.17730338160154	0.9923977851867676
SCIP_CMD	iLJ478	LP1	1	0.17730338160154	0.6801607608795166
SCIP_CMD	iLJ478	LP1	2	0.17730338160154	0.0831451416015625
SCIP_CMD	iLJ478	LP1	3	0.17730338160154	0.05321073532104492
SCIP_CMD	iLJ478	LP1	4	0.17730338160154	0.08466601371765137
SCIP_CMD	iLJ478	LP1	5	0.17730338160154	0.06009531021118164
SCIP_CMD	iLJ478	LP1	6	0.17730338160154	0.10136723518371582
SCIP_CMD	iLJ478	LP1	7	0.17730338160154	0.06637001037597656
SCIP_CMD	iLJ478	LP1	8	0.17730338160154	0.07149577140808105
SCIP_CMD	iLJ478	LP1	9	0.17730338160154	0.057181358337402344
SCIP_CMD	iLJ478	MILP1	0	5.0	0.9022626876831055
SCIP_CMD	iLJ478	MILP1	1	5.0	0.17735767364501953
SCIP_CMD	iLJ478	MILP1	2	5.0	0.13792991638183594
SCIP_CMD	iLJ478	MILP1	3	5.0	0.17253565788269043
SCIP_CMD	iLJ478	MILP1	4	5.0	0.18847131729125977
SCIP_CMD	iLJ478	MILP1	5	5.0	0.13143038749694824
SCIP_CMD	iLJ478	MILP1	6	5.0	0.19438576698303223
SCIP_CMD	iLJ478	MILP1	7	5.0	0.14639806747436523
SCIP_CMD	iLJ478	MILP1	8	5.0	0.13344764709472656
SCIP_CMD	iLJ478	MILP1	9	5.0	0.19320058822631836
SCIP_CMD	iMM904	LP1	0	0.717421932565265	0.384906530380249
SCIP_CMD	iMM904	LP1	1	0.717421932565265	0.14358067512512207
SCIP_CMD	iMM904	LP1	2	0.717421932565265	0.1497645378112793
SCIP_CMD	iMM904	LP1	3	0.717421932565265	0.2348189353942871
SCIP_CMD	iMM904	LP1	4	0.717421932565265	0.803809642791748
SCIP_CMD	iMM904	LP1	5	0.717421932565265	0.10653328895568848
SCIP_CMD	iMM904	LP1	6	0.717421932565265	0.10352182388305664
SCIP_CMD	iMM904	LP1	7	0.717421932565265	0.1584765911102295
SCIP_CMD	iMM904	LP1	8	0.717421932565265	0.10356998443603516
SCIP_CMD	iMM904	LP1	9	0.717421932565265	0.14244771003723145
SCIP_CMD	iMM904	MILP1	0	3.0	0.4006919860839844
SCIP_CMD	iMM904	MILP1	1	3.0	0.35432982444763184
SCIP_CMD	iMM904	MILP1	2	3.0	0.3744385242462158
SCIP_CMD	iMM904	MILP1	3	3.0	0.4946873188018799
SCIP_CMD	iMM904	MILP1	4	3.0	2.1502795219421387
SCIP_CMD	iMM904	MILP1	5	3.0	0.35851383209228516
SCIP_CMD	iMM904	MILP1	6	3.0	0.4651761054992676
SCIP_CMD	iMM904	MILP1	7	3.0	0.39364123344421387
SCIP_CMD	iMM904	MILP1	8	3.0	0.3447699546813965
SCIP_CMD	iMM904	MILP1	9	3.0	0.49408555030822754
SCIP_CMD	iYS1720	LP1	0	4.25233785027884	0.3163418769836426
SCIP_CMD	iYS1720	LP1	1	4.25233785027884	0.33331847190856934
SCIP_CMD	iYS1720	LP1	2	4.25233785027884	0.5334501266479492
SCIP_CMD	iYS1720	LP1	3	4.25233785027884	0.3376762866973877
SCIP_CMD	iYS1720	LP1	4	4.25233785027884	0.29171228408813477
SCIP_CMD	iYS1720	LP1	5	4.25233785027884	0.31552791595458984
SCIP_CMD	iYS1720	LP1	6	4.25233785027884	0.2165985107421875
SCIP_CMD	iYS1720	LP1	7	4.25233785027884	0.2455005645751953
SCIP_CMD	iYS1720	LP1	8	4.25233785027884	0.2413492202758789
SCIP_CMD	iYS1720	LP1	9	4.25233785027884	0.2161414623260498
SCIP_CMD	iYS1720	MILP1	0	3.0	0.714252233505249
SCIP_CMD	iYS1720	MILP1	1	3.0	0.7421994209289551
SCIP_CMD	iYS1720	MILP1	2	3.0	0.9465794563293457
SCIP_CMD	iYS1720	MILP1	3	3.0	0.7774481773376465
SCIP_CMD	iYS1720	MILP1	4	3.0	0.7040891647338867
SCIP_CMD	iYS1720	MILP1	5	3.0	0.7616872787475586
SCIP_CMD	iYS1720	MILP1	6	3.0	0.9575936794281006
SCIP_CMD	iYS1720	MILP1	7	3.0	0.917356014251709
SCIP_CMD	iYS1720	MILP1	8	3.0	0.9894022941589355
SCIP_CMD	iYS1720	MILP1	9	3.0	0.8260586261749268
SCIP_CMD	Recon3D	LP1	0	43.282391339668	0.9187326431274414
SCIP_CMD	Recon3D	LP1	1	43.282391339668	1.0124258995056152
SCIP_CMD	Recon3D	LP1	2	43.282391339668	1.611283779144287
SCIP_CMD	Recon3D	LP1	3	43.282391339668	0.7478313446044922
SCIP_CMD	Recon3D	LP1	4	43.282391339668	0.8176453113555908
SCIP_CMD	Recon3D	LP1	5	43.282391339668	0.6613128185272217
SCIP_CMD	Recon3D	LP1	6	43.282391339668	0.8224763870239258
SCIP_CMD	Recon3D	LP1	7	43.282391339668	0.8157370090484619
SCIP_CMD	Recon3D	LP1	8	43.282391339668	1.0201213359832764
SCIP_CMD	Recon3D	LP1	9	43.282391339668	0.7629265785217285
SCIP_CMD	Recon3D	MILP1	0	5.0	68.63838815689087
SCIP_CMD	Recon3D	MILP1	1	5.0	66.15635752677917
SCIP_CMD	Recon3D	MILP1	2	5.0	67.09503293037415
SCIP_CMD	Recon3D	MILP1	3	5.0	77.62364292144775
SCIP_CMD	Recon3D	MILP1	4	5.0	92.2832305431366
SCIP_CMD	Recon3D	MILP1	5	5.0	67.06254935264587
SCIP_CMD	Recon3D	MILP1	6	5.0	85.64521360397339
SCIP_CMD	Recon3D	MILP1	7	5.0	81.91485857963562
SCIP_CMD	Recon3D	MILP1	8	5.0	80.87128901481628
SCIP_CMD	Recon3D	MILP1	9	5.0	79.13931727409363
