interface,size,rep,time,value,rel
CPLEX_PY,1,0,0.06243085861206055,24.918340055932575,0.06243085861206055
GUROBI,1,0,0.03843212127685547,24.91834005593265,0.03843212127685547
SCIP_CMD,1,0,0.15939807891845703,24.9183400559217,0.15939807891845703
HiGHS_CMD,1,0,0.0825660228729248,24.9183400559307,0.0825660228729248
GLPK_CMD,1,0,0.08723807334899902,24.9183,0.08723807334899902
COIN_CMD,1,0,0.10518884658813477,24.918341,0.10518884658813477
CPLEX_PY,1,1,0.04021096229553223,2.771317121779228,0.04021096229553223
GUROBI,1,1,0.024815797805786133,2.7713171217792336,0.024815797805786133
SCIP_CMD,1,1,0.13997197151184082,2.77131712177511,0.13997197151184082
HiGHS_CMD,1,1,0.062417030334472656,2.7713171217786,0.062417030334472656
GLPK_CMD,1,1,0.06684017181396484,2.77132,0.06684017181396484
COIN_CMD,1,1,0.06758403778076172,2.7713171,0.06758403778076172
CPLEX_PY,1,2,0.034178972244262695,3.1711605794518674,0.034178972244262695
GUROBI,1,2,0.01821589469909668,3.1711605794518367,0.01821589469909668
SCIP_CMD,1,2,0.11373019218444824,3.17116057943909,0.11373019218444824
HiGHS_CMD,1,2,0.05365705490112305,3.1711605794494,0.05365705490112305
GLPK_CMD,1,2,0.05166292190551758,3.17116,0.05166292190551758
COIN_CMD,1,2,0.05678510665893555,3.1711606,0.05678510665893555
CPLEX_PY,1,3,0.04434370994567871,9.661859400755157,0.04434370994567871
GUROBI,1,3,0.028488874435424805,9.661859400755159,0.028488874435424805
SCIP_CMD,1,3,0.14043021202087402,9.66185940074337,0.14043021202087402
HiGHS_CMD,1,3,0.06792330741882324,9.6618594007533,0.06792330741882324
GLPK_CMD,1,3,0.07489299774169922,9.66186,0.07489299774169922
COIN_CMD,1,3,0.08081221580505371,9.661859,0.08081221580505371
CPLEX_PY,1,4,0.04483604431152344,9.568364652012951,0.04483604431152344
GUROBI,1,4,0.028380870819091797,9.568364652012995,0.028380870819091797
SCIP_CMD,1,4,0.14806079864501953,9.56836465200548,0.14806079864501953
HiGHS_CMD,1,4,0.08165812492370605,9.5683646520118,0.08165812492370605
GLPK_CMD,1,4,0.06901407241821289,9.56836,0.06901407241821289
COIN_CMD,1,4,0.07268929481506348,9.5683644,0.07268929481506348
CPLEX_PY,1,5,0.04488873481750488,1.9199444821159275,0.04488873481750488
GUROBI,1,5,0.02736806869506836,1.9199444821159315,0.02736806869506836
SCIP_CMD,1,5,0.13630986213684082,1.9199444821133,0.13630986213684082
HiGHS_CMD,1,5,0.07508301734924316,1.9199444821155,0.07508301734924316
GLPK_CMD,1,5,0.06178689002990723,1.91994,0.06178689002990723
COIN_CMD,1,5,0.07783293724060059,1.9199446,0.07783293724060059
CPLEX_PY,1,6,0.034600019454956055,5.286662321456259,0.034600019454956055
GUROBI,1,6,0.021015167236328125,5.286662321456236,0.021015167236328125
SCIP_CMD,1,6,0.10358595848083496,5.28666232144982,0.10358595848083496
HiGHS_CMD,1,6,0.05553102493286133,5.2866623214552,0.05553102493286133
GLPK_CMD,1,6,0.05328989028930664,5.28666,0.05328989028930664
COIN_CMD,1,6,0.06242203712463379,5.2866589,0.06242203712463379
CPLEX_PY,1,7,0.053156137466430664,16.472302439052825,0.053156137466430664
GUROBI,1,7,0.030577898025512695,16.472302439052797,0.030577898025512695
SCIP_CMD,1,7,0.14308619499206543,16.4723024390346,0.14308619499206543
HiGHS_CMD,1,7,0.08487486839294434,16.4723024390475,0.08487486839294434
GLPK_CMD,1,7,0.07012724876403809,16.4723,0.07012724876403809
COIN_CMD,1,7,0.07720613479614258,16.472302,0.07720613479614258
CPLEX_PY,1,8,0.04992270469665527,1.2353310264338846,0.04992270469665527
GUROBI,1,8,0.03249692916870117,1.2353310264338857,0.03249692916870117
SCIP_CMD,1,8,0.14286494255065918,1.23533102643274,0.14286494255065918
HiGHS_CMD,1,8,0.0834503173828125,1.2353310264338,0.0834503173828125
GLPK_CMD,1,8,0.07108521461486816,1.23533,0.07108521461486816
COIN_CMD,1,8,0.07989501953125,1.2353299,0.07989501953125
CPLEX_PY,1,9,0.04857206344604492,24.19267123141501,0.04857206344604492
GUROBI,1,9,0.028575897216796875,24.192671231415005,0.028575897216796875
SCIP_CMD,1,9,0.14095497131347656,24.1926712313719,0.14095497131347656
HiGHS_CMD,1,9,0.07105588912963867,24.1926712314077,0.07105588912963867
GLPK_CMD,1,9,0.07137703895568848,24.1927,0.07137703895568848
COIN_CMD,1,9,0.07930612564086914,24.192674,0.07930612564086914
CPLEX_PY,2,0,0.08116674423217773,49.37246448955067,0.04058337211608887
GUROBI,2,0,0.05113506317138672,49.372464489551895,0.02556753158569336
SCIP_CMD,2,0,0.22207999229431152,49.3724644893924,0.11103999614715576
HiGHS_CMD,2,0,0.11403870582580566,49.3724644895057,0.05701935291290283
GLPK_CMD,2,0,0.12167501449584961,49.3725,0.060837507247924805
COIN_CMD,2,0,0.12675881385803223,49.372464,0.06337940692901611
CPLEX_PY,2,1,0.11034870147705078,27.135559916741506,0.05517435073852539
GUROBI,2,1,0.0677340030670166,27.135559916741464,0.0338670015335083
SCIP_CMD,2,1,0.27892303466796875,27.135559916727,0.13946151733398438
HiGHS_CMD,2,1,0.14877891540527344,27.1355599167391,0.07438945770263672
GLPK_CMD,2,1,0.14570975303649902,27.1356,0.07285487651824951
COIN_CMD,2,1,0.1463148593902588,27.135561,0.0731574296951294
CPLEX_PY,2,2,0.07373976707458496,9.818280998339691,0.03686988353729248
GUROBI,2,2,0.04474687576293945,9.81828099833973,0.022373437881469727
SCIP_CMD,2,2,0.22057414054870605,9.81828099831024,0.11028707027435303
HiGHS_CMD,2,2,0.11821985244750977,9.8182809983345,0.05910992622375488
GLPK_CMD,2,2,0.10809111595153809,9.81828,0.05404555797576904
COIN_CMD,2,2,0.1249847412109375,9.8182026,0.06249237060546875
CPLEX_PY,2,3,0.11021113395690918,25.545854505148995,0.05510556697845459
GUROBI,2,3,0.06894421577453613,25.545854505148938,0.034472107887268066
SCIP_CMD,2,3,0.2796361446380615,25.5458545051119,0.13981807231903076
HiGHS_CMD,2,3,0.15139174461364746,25.5458545051419,0.07569587230682373
GLPK_CMD,2,3,0.16032195091247559,25.5459,0.08016097545623779
COIN_CMD,2,3,0.18207526206970215,25.545854,0.09103763103485107
CPLEX_PY,2,4,0.12670397758483887,10.075064471407766,0.06335198879241943
GUROBI,2,4,0.07098102569580078,10.075064471407766,0.03549051284790039
SCIP_CMD,2,4,0.2933497428894043,10.0750644713951,0.14667487144470215
HiGHS_CMD,2,4,0.1539289951324463,10.0750644714057,0.07696449756622314
GLPK_CMD,2,4,0.161729097366333,10.0751,0.0808645486831665
COIN_CMD,2,4,0.18180108070373535,10.074985,0.09090054035186768
CPLEX_PY,2,5,0.09805488586425781,52.902044959440396,0.049027442932128906
GUROBI,2,5,0.057444095611572266,52.902044959440396,0.028722047805786133
SCIP_CMD,2,5,0.2535741329193115,52.9020449595644,0.12678706645965576
HiGHS_CMD,2,5,0.1453251838684082,52.9020449594524,0.0726625919342041
GLPK_CMD,2,5,0.11797571182250977,52.902,0.05898785591125488
COIN_CMD,2,5,0.13451576232910156,52.902045,0.06725788116455078
CPLEX_PY,2,6,0.08647871017456055,9.420263145254934,0.04323935508728027
GUROBI,2,6,0.05051898956298828,9.42026314525492,0.02525949478149414
SCIP_CMD,2,6,0.21725702285766602,9.42026314524385,0.10862851142883301
HiGHS_CMD,2,6,0.11371016502380371,9.4202631452531,0.056855082511901855
GLPK_CMD,2,6,0.11156988143920898,9.42026,0.05578494071960449
COIN_CMD,2,6,0.12074685096740723,9.420265,0.06037342548370361
CPLEX_PY,2,7,0.08439397811889648,10.971276860422341,0.04219698905944824
GUROBI,2,7,0.052703857421875,10.971276860422341,0.0263519287109375
SCIP_CMD,2,7,0.21375107765197754,10.9712768604147,0.10687553882598877
HiGHS_CMD,2,7,0.12149715423583984,10.9712768604211,0.06074857711791992
GLPK_CMD,2,7,0.12363529205322266,10.9713,0.06181764602661133
COIN_CMD,2,7,0.12029910087585449,10.971276,0.060149550437927246
CPLEX_PY,2,8,0.10267066955566406,27.089920073083007,0.05133533477783203
GUROBI,2,8,0.06628084182739258,27.089920073082993,0.03314042091369629
SCIP_CMD,2,8,0.2853739261627197,27.0899200730881,0.14268696308135986
HiGHS_CMD,2,8,0.14782214164733887,27.0899200730818,0.07391107082366943
GLPK_CMD,2,8,0.15468621253967285,27.0899,0.07734310626983643
COIN_CMD,2,8,0.38809990882873535,27.083661,0.19404995441436768
CPLEX_PY,2,9,0.08382487297058105,8.997842189059392,0.04191243648529053
GUROBI,2,9,0.05842876434326172,8.997842189059389,0.02921438217163086
SCIP_CMD,2,9,0.23229503631591797,8.99784218904328,0.11614751815795898
HiGHS_CMD,2,9,0.12616872787475586,8.9978421890561,0.06308436393737793
GLPK_CMD,2,9,0.12751007080078125,8.99784,0.06375503540039062
COIN_CMD,2,9,0.12653493881225586,8.9978457,0.06326746940612793
CPLEX_PY,3,0,0.13388586044311523,52.902044959440396,0.04462862014770508
GUROBI,3,0,0.2791781425476074,52.902044959440396,0.09305938084920247
SCIP_CMD,3,0,0.3626878261566162,52.9020449595644,0.1208959420522054
HiGHS_CMD,3,0,0.20865511894226074,52.9020449594524,0.06955170631408691
GLPK_CMD,3,0,0.19804120063781738,52.902,0.06601373354593913
COIN_CMD,3,0,0.2065598964691162,52.902045,0.06885329882303874
CPLEX_PY,3,1,0.10821795463562012,52.902044959440396,0.0360726515452067
GUROBI,3,1,0.06985020637512207,52.9020449594404,0.02328340212504069
SCIP_CMD,3,1,0.271226167678833,52.9020449595644,0.09040872255961101
HiGHS_CMD,3,1,0.18181705474853516,52.9020449594524,0.06060568491617838
GLPK_CMD,3,1,0.15219402313232422,52.902,0.05073134104410807
COIN_CMD,3,1,0.16027235984802246,52.902045,0.05342411994934082
CPLEX_PY,3,2,0.1281731128692627,52.9020449594404,0.0427243709564209
GUROBI,3,2,0.0791778564453125,52.902044959440396,0.026392618815104168
SCIP_CMD,3,2,0.3270988464355469,52.9020449595644,0.10903294881184895
HiGHS_CMD,3,2,0.1876678466796875,52.9020449594524,0.06255594889322917
GLPK_CMD,3,2,0.1670370101928711,52.902,0.055679003397623696
COIN_CMD,3,2,0.2111191749572754,52.902045,0.0703730583190918
CPLEX_PY,3,3,0.16993403434753418,52.902044959440396,0.05664467811584473
GUROBI,3,3,0.09853696823120117,52.902044959440396,0.032845656077067055
SCIP_CMD,3,3,0.4622461795806885,52.9020449595644,0.1540820598602295
HiGHS_CMD,3,3,0.2622201442718506,52.9020449594524,0.08740671475728352
GLPK_CMD,3,3,0.49013304710388184,52.902,0.1633776823679606
COIN_CMD,3,3,0.33249616622924805,52.902045,0.11083205540974934
CPLEX_PY,3,4,0.15584683418273926,52.902044959440396,0.05194894472757975
GUROBI,3,4,0.0996091365814209,52.902044959440396,0.0332030455271403
SCIP_CMD,3,4,0.38887596130371094,52.9020449595644,0.1296253204345703
HiGHS_CMD,3,4,0.2235698699951172,52.9020449594524,0.07452328999837239
GLPK_CMD,3,4,0.21708202362060547,52.902,0.07236067454020183
COIN_CMD,3,4,0.2525608539581299,52.902045,0.08418695131937663
CPLEX_PY,3,5,0.16970586776733398,52.9020449594404,0.05656862258911133
GUROBI,3,5,0.1020810604095459,52.902044959440396,0.0340270201365153
SCIP_CMD,3,5,0.4116649627685547,52.9020449595644,0.1372216542561849
HiGHS_CMD,3,5,0.2676830291748047,52.9020449594524,0.08922767639160156
GLPK_CMD,3,5,0.22312188148498535,52.902,0.07437396049499512
COIN_CMD,3,5,0.3017549514770508,52.902045,0.1005849838256836
CPLEX_PY,3,6,0.1356499195098877,52.902044959440396,0.045216639836629234
GUROBI,3,6,0.09238624572753906,52.90204495944039,0.03079541524251302
SCIP_CMD,3,6,0.33222389221191406,52.9020449595644,0.11074129740397136
HiGHS_CMD,3,6,0.21868395805358887,52.9020449594524,0.07289465268452962
GLPK_CMD,3,6,0.21477293968200684,52.902,0.07159097989400227
COIN_CMD,3,6,0.22369599342346191,52.902045,0.07456533114115398
CPLEX_PY,3,7,0.1625809669494629,18.372662135038897,0.05419365564982096
GUROBI,3,7,0.09933185577392578,18.372662135038993,0.033110618591308594
SCIP_CMD,3,7,0.41533803939819336,18.3726621350204,0.1384460131327311
HiGHS_CMD,3,7,0.23634576797485352,18.372662135036,0.0787819226582845
GLPK_CMD,3,7,0.22522902488708496,18.3727,0.07507634162902832
COIN_CMD,3,7,0.37975382804870605,18.372662,0.1265846093495687
CPLEX_PY,3,8,0.14383387565612793,52.902044959440396,0.04794462521870931
GUROBI,3,8,0.0931708812713623,52.9020449594404,0.031056960423787434
SCIP_CMD,3,8,0.37932491302490234,52.9020449595644,0.12644163767496744
HiGHS_CMD,3,8,0.23867106437683105,52.9020449594524,0.07955702145894368
GLPK_CMD,3,8,0.2128279209136963,52.902,0.07094264030456543
COIN_CMD,3,8,0.22574901580810547,52.902045,0.07524967193603516
CPLEX_PY,3,9,0.17955303192138672,52.902044959440396,0.05985101064046224
GUROBI,3,9,0.10782790184020996,52.9020449594404,0.035942633946736656
SCIP_CMD,3,9,0.47722768783569336,52.9020449595644,0.1590758959452311
HiGHS_CMD,3,9,0.29897284507751465,52.9020449594524,0.09965761502583821
GLPK_CMD,3,9,0.24850201606750488,52.902,0.08283400535583496
COIN_CMD,3,9,0.339526891708374,52.902045,0.11317563056945801
CPLEX_PY,4,0,1.0502641201019287,52.902044959440396,0.2625660300254822
GUROBI,4,0,0.11468315124511719,52.9020449594404,0.028670787811279297
SCIP_CMD,4,0,0.41727781295776367,52.9020449595644,0.10431945323944092
HiGHS_CMD,4,0,0.3015148639678955,52.9020449594525,0.07537871599197388
GLPK_CMD,4,0,0.2703409194946289,52.902,0.06758522987365723
COIN_CMD,4,0,0.361875057220459,52.902045,0.09046876430511475
CPLEX_PY,4,1,0.22288894653320312,52.902044959440396,0.05572223663330078
GUROBI,4,1,0.12766599655151367,52.902044959440396,0.03191649913787842
SCIP_CMD,4,1,0.5324671268463135,52.9020449595644,0.13311678171157837
HiGHS_CMD,4,1,0.3423280715942383,52.9020449594524,0.08558201789855957
GLPK_CMD,4,1,0.29487013816833496,52.902,0.07371753454208374
COIN_CMD,4,1,0.35732102394104004,52.902045,0.08933025598526001
CPLEX_PY,4,2,0.20404601097106934,52.902044959440396,0.051011502742767334
GUROBI,4,2,0.1346120834350586,52.9020449594404,0.03365302085876465
SCIP_CMD,4,2,0.4501931667327881,52.9020449595645,0.11254829168319702
HiGHS_CMD,4,2,0.3166470527648926,52.9020449594525,0.07916176319122314
GLPK_CMD,4,2,0.25873804092407227,52.902,0.06468451023101807
COIN_CMD,4,2,0.9894118309020996,52.902045,0.2473529577255249
CPLEX_PY,4,3,0.19562888145446777,52.902044959440396,0.04890722036361694
GUROBI,4,3,0.1185598373413086,52.9020449594404,0.02963995933532715
SCIP_CMD,4,3,0.463245153427124,52.9020449595644,0.115811288356781
HiGHS_CMD,4,3,0.3124539852142334,52.9020449594524,0.07811349630355835
GLPK_CMD,4,3,0.30783581733703613,52.902,0.07695895433425903
COIN_CMD,4,3,0.372844934463501,52.902045,0.09321123361587524
CPLEX_PY,4,4,0.1890089511871338,52.90204495944039,0.04725223779678345
GUROBI,4,4,0.12186217308044434,52.9020449594404,0.030465543270111084
SCIP_CMD,4,4,0.4516770839691162,52.9020449595644,0.11291927099227905
HiGHS_CMD,4,4,0.27927494049072266,52.9020449594524,0.06981873512268066
GLPK_CMD,4,4,0.2613959312438965,52.902,0.06534898281097412
COIN_CMD,4,4,0.32140493392944336,52.902045,0.08035123348236084
CPLEX_PY,4,5,0.19016218185424805,30.267433623108058,0.04754054546356201
GUROBI,4,5,0.12176108360290527,30.267433623108115,0.03044027090072632
SCIP_CMD,4,5,0.44973182678222656,30.2674336230877,0.11243295669555664
HiGHS_CMD,4,5,0.2965519428253174,30.2674336231016,0.07413798570632935
GLPK_CMD,4,5,0.3243269920349121,30.2674,0.08108174800872803
CPLEX_PY,4,6,0.21251416206359863,52.36959733189451,0.05312854051589966
GUROBI,4,6,0.13242197036743164,52.36959733189449,0.03310549259185791
SCIP_CMD,4,6,0.5006208419799805,52.3695973318337,0.12515521049499512
HiGHS_CMD,4,6,0.2957911491394043,52.3695973318821,0.07394778728485107
GLPK_CMD,4,6,0.29708099365234375,52.3696,0.07427024841308594
COIN_CMD,4,6,0.37900781631469727,52.369562,0.09475195407867432
CPLEX_PY,4,7,0.14191102981567383,52.902044959440396,0.03547775745391846
GUROBI,4,7,0.09544014930725098,52.9020449594404,0.023860037326812744
SCIP_CMD,4,7,0.364987850189209,52.9020449595644,0.09124696254730225
HiGHS_CMD,4,7,0.25412487983703613,52.9020449594525,0.06353121995925903
GLPK_CMD,4,7,0.21076488494873047,52.902,0.05269122123718262
COIN_CMD,4,7,0.27278614044189453,52.902045,0.06819653511047363
CPLEX_PY,4,8,0.20191121101379395,52.9020449594404,0.050477802753448486
GUROBI,4,8,0.12373185157775879,52.9020449594404,0.030932962894439697
SCIP_CMD,4,8,0.5052957534790039,52.9020449595644,0.12632393836975098
HiGHS_CMD,4,8,0.29435205459594727,52.9020449594524,0.07358801364898682
GLPK_CMD,4,8,0.28025293350219727,52.902,0.07006323337554932
COIN_CMD,4,8,0.27939414978027344,52.902045,0.06984853744506836
CPLEX_PY,4,9,0.18332219123840332,24.818296613925565,0.04583054780960083
GUROBI,4,9,0.11753606796264648,24.818296613925593,0.02938401699066162
SCIP_CMD,4,9,0.4266660213470459,24.8182966138832,0.10666650533676147
HiGHS_CMD,4,9,0.28156018257141113,24.8182966139178,0.07039004564285278
GLPK_CMD,4,9,0.27065014839172363,24.8183,0.06766253709793091
COIN_CMD,4,9,0.3119359016418457,24.818311,0.07798397541046143
CPLEX_PY,5,0,0.21802020072937012,52.90204495944039,0.043604040145874025
GUROBI,5,0,0.12750577926635742,52.9020449594404,0.025501155853271486
SCIP_CMD,5,0,0.575314998626709,52.9020449595644,0.1150629997253418
HiGHS_CMD,5,0,0.3137218952178955,52.9020449594524,0.0627443790435791
GLPK_CMD,5,0,0.3289930820465088,52.902,0.06579861640930176
COIN_CMD,5,0,0.48325395584106445,52.902045,0.09665079116821289
CPLEX_PY,5,1,0.310654878616333,52.902044959440396,0.062130975723266604
GUROBI,5,1,0.13950681686401367,52.9020449594404,0.027901363372802735
SCIP_CMD,5,1,0.5790448188781738,52.9020449595644,0.11580896377563477
HiGHS_CMD,5,1,0.3573582172393799,52.9020449594524,0.07147164344787597
GLPK_CMD,5,1,0.3427140712738037,52.902,0.06854281425476075
COIN_CMD,5,1,0.4339160919189453,52.902045,0.08678321838378907
CPLEX_PY,5,2,65.3020989894867,52.902044959440396,13.060419797897339
GUROBI,5,2,0.1815180778503418,52.902044959440396,0.03630361557006836
SCIP_CMD,5,2,0.7657458782196045,52.9020449595644,0.1531491756439209
HiGHS_CMD,5,2,0.44835901260375977,52.9020449594524,0.08967180252075195
GLPK_CMD,5,2,0.5612940788269043,52.902,0.11225881576538085
COIN_CMD,5,2,0.6983640193939209,52.902045,0.13967280387878417
CPLEX_PY,5,3,0.8157870769500732,52.90204495944039,0.16315741539001466
GUROBI,5,3,0.16043519973754883,52.9020449594404,0.03208703994750976
SCIP_CMD,5,3,0.6350131034851074,52.9020449595645,0.12700262069702148
HiGHS_CMD,5,3,0.45413684844970703,52.9020449594524,0.0908273696899414
GLPK_CMD,5,3,0.41515493392944336,52.902,0.08303098678588867
COIN_CMD,5,3,0.5245749950408936,52.902045,0.10491499900817872
CPLEX_PY,5,4,0.7147529125213623,52.902044959440396,0.14295058250427245
GUROBI,5,4,0.13335180282592773,52.9020449594404,0.026670360565185548
SCIP_CMD,5,4,0.6043429374694824,52.9020449595644,0.12086858749389648
HiGHS_CMD,5,4,0.30286097526550293,52.9020449594524,0.06057219505310059
GLPK_CMD,5,4,0.33077502250671387,52.902,0.06615500450134278
COIN_CMD,5,4,0.5034151077270508,52.902045,0.10068302154541016
CPLEX_PY,5,5,1.0437750816345215,52.9020449594404,0.2087550163269043
GUROBI,5,5,0.14426302909851074,52.9020449594404,0.02885260581970215
SCIP_CMD,5,5,0.5387330055236816,52.9020449595644,0.10774660110473633
HiGHS_CMD,5,5,0.3869340419769287,52.9020449594524,0.07738680839538574
GLPK_CMD,5,5,0.3843388557434082,52.902,0.07686777114868164
COIN_CMD,5,5,0.5659458637237549,52.902045,0.11318917274475097
CPLEX_PY,5,6,7.461695909500122,52.9020449594404,1.4923391819000245
GUROBI,5,6,0.15459084510803223,52.902044959440396,0.030918169021606445
SCIP_CMD,5,6,0.6030368804931641,52.9020449595644,0.12060737609863281
HiGHS_CMD,5,6,0.3486518859863281,52.9020449594524,0.06973037719726563
GLPK_CMD,5,6,0.3869459629058838,52.902,0.07738919258117676
COIN_CMD,5,6,0.4841752052307129,52.902045,0.09683504104614257
CPLEX_PY,5,7,0.1692039966583252,51.0112138651537,0.03384079933166504
GUROBI,5,7,0.1090240478515625,51.01121386515391,0.0218048095703125
SCIP_CMD,5,7,0.36038970947265625,51.0112138651695,0.07207794189453125
HiGHS_CMD,5,7,0.2348628044128418,51.0112138651481,0.04697256088256836
GLPK_CMD,5,7,0.2509438991546631,51.0112,0.05018877983093262
COIN_CMD,5,7,0.24095511436462402,51.011184,0.0481910228729248
CPLEX_PY,5,8,0.4011049270629883,52.9020449594404,0.08022098541259766
GUROBI,5,8,0.1511380672454834,52.9020449594404,0.03022761344909668
SCIP_CMD,5,8,0.6047899723052979,52.9020449595644,0.12095799446105956
HiGHS_CMD,5,8,0.41166019439697266,52.9020449594524,0.08233203887939453
GLPK_CMD,5,8,0.41945815086364746,52.902,0.08389163017272949
COIN_CMD,5,8,0.583076000213623,52.902045,0.1166152000427246
CPLEX_PY,5,9,0.48522305488586426,21.582094561515426,0.09704461097717285
GUROBI,5,9,0.1332721710205078,21.58209456151552,0.026654434204101563
SCIP_CMD,5,9,0.523874044418335,21.5820945615181,0.104774808883667
HiGHS_CMD,5,9,0.31079721450805664,21.582094561514,0.06215944290161133
GLPK_CMD,5,9,0.34589290618896484,21.5821,0.06917858123779297
COIN_CMD,5,9,0.6787548065185547,21.580315,0.13575096130371095
CPLEX_PY,6,0,0.6095502376556396,45.12819783673196,0.10159170627593994
GUROBI,6,0,0.19690227508544922,45.12819783673196,0.03281704584757487
SCIP_CMD,6,0,0.7670178413391113,45.1281978367232,0.1278363068898519
HiGHS_CMD,6,0,0.49245595932006836,45.1281978367302,0.0820759932200114
GLPK_CMD,6,0,0.595167875289917,45.1282,0.09919464588165283
COIN_CMD,6,0,3.477320909500122,45.123474,0.579553484916687
CPLEX_PY,6,1,0.193129301071167,18.970460262350343,0.032188216845194496
GUROBI,6,1,0.12067890167236328,18.970460262350297,0.020113150278727215
SCIP_CMD,6,1,0.4362659454345703,18.9704602623383,0.07271099090576172
HiGHS_CMD,6,1,0.26743507385253906,18.970460262346,0.04457251230875651
GLPK_CMD,6,1,0.27677392959594727,18.9705,0.04612898826599121
COIN_CMD,6,1,0.35471367835998535,18.970394,0.059118946393330894
CPLEX_PY,6,2,41.95915389060974,52.9020449594404,6.9931923151016235
GUROBI,6,2,0.1731419563293457,52.9020449594404,0.028856992721557617
SCIP_CMD,6,2,0.7121908664703369,52.9020449595644,0.11869847774505615
HiGHS_CMD,6,2,0.46676135063171387,52.9020449594524,0.07779355843861897
GLPK_CMD,6,2,0.5074920654296875,52.902,0.08458201090494792
COIN_CMD,6,2,0.72536301612854,52.902045,0.12089383602142334
CPLEX_PY,6,3,0.3552279472351074,52.902044959440396,0.059204657872517906
GUROBI,6,3,0.14514827728271484,52.902044959440396,0.02419137954711914
SCIP_CMD,6,3,0.6169531345367432,52.9020449595644,0.10282552242279053
HiGHS_CMD,6,3,0.37952589988708496,52.9020449594524,0.06325431664784749
GLPK_CMD,6,3,0.4090538024902344,52.902,0.06817563374837239
COIN_CMD,6,3,0.45935583114624023,52.902045,0.07655930519104004
CPLEX_PY,6,4,4.398603916168213,52.902044959440396,0.7331006526947021
GUROBI,6,4,0.15255284309387207,52.9020449594404,0.02542547384897868
SCIP_CMD,6,4,0.5310652256011963,52.9020449595644,0.08851087093353271
HiGHS_CMD,6,4,0.3747382164001465,52.9020449594524,0.062456369400024414
GLPK_CMD,6,4,0.37578606605529785,52.902,0.06263101100921631
COIN_CMD,6,4,0.5551531314849854,52.902045,0.09252552191416423
CPLEX_PY,6,5,2.8666419982910156,52.902044959440396,0.47777366638183594
GUROBI,6,5,0.1707768440246582,52.9020449594404,0.028462807337443035
SCIP_CMD,6,5,0.642348051071167,52.9020449595644,0.10705800851186116
HiGHS_CMD,6,5,0.4768221378326416,52.9020449594524,0.07947035630544026
GLPK_CMD,6,5,0.45951414108276367,52.902,0.07658569018046062
COIN_CMD,6,5,0.9102098941802979,52.902045,0.15170164903004965
CPLEX_PY,6,6,46.70553398132324,52.902044959440396,7.784255663553874
GUROBI,6,6,0.20320916175842285,52.9020449594404,0.03386819362640381
SCIP_CMD,6,6,0.8263249397277832,52.9020449595644,0.13772082328796387
HiGHS_CMD,6,6,0.5132040977478027,52.9020449594524,0.08553401629130046
GLPK_CMD,6,6,0.6546590328216553,52.902,0.10910983880360921
COIN_CMD,6,6,0.934992790222168,52.902045,0.15583213170369467
CPLEX_PY,6,7,30.95347499847412,52.902044959440396,5.1589124997456866
GUROBI,6,7,0.16768693923950195,52.902044959440396,0.02794782320658366
SCIP_CMD,6,7,0.8342030048370361,52.9020449595644,0.139033834139506
HiGHS_CMD,6,7,0.5650110244750977,52.9020449594524,0.09416850407918294
GLPK_CMD,6,7,0.5426619052886963,52.902,0.09044365088144939
COIN_CMD,6,7,0.7531969547271729,52.902045,0.12553282578786215
CPLEX_PY,6,8,1.9945459365844727,52.902044959440396,0.3324243227640788
GUROBI,6,8,0.15232610702514648,52.902044959440396,0.025387684504191082
SCIP_CMD,6,8,0.615537166595459,52.9020449595644,0.10258952776590984
HiGHS_CMD,6,8,0.43619680404663086,52.9020449594524,0.07269946734110515
GLPK_CMD,6,8,0.37988996505737305,52.902,0.06331499417622884
COIN_CMD,6,8,0.48130011558532715,52.902045,0.08021668593088786
CPLEX_PY,6,9,103.07598376274109,48.89569163535787,17.179330627123516
GUROBI,6,9,0.21283292770385742,48.89569163535788,0.03547215461730957
SCIP_CMD,6,9,0.8302652835845947,48.8956916353162,0.13837754726409912
HiGHS_CMD,6,9,0.5098707675933838,48.8956916353507,0.08497846126556396
GLPK_CMD,6,9,0.6231369972229004,48.8957,0.10385616620381673
COIN_CMD,6,9,1.1278290748596191,48.895746,0.18797151247660318
CPLEX_PY,7,0,75.4551990032196,49.48284871471097,10.779314143317086
GUROBI,7,0,0.21650314331054688,49.48284871471094,0.03092902047293527
SCIP_CMD,7,0,0.831913948059082,49.4828487146679,0.118844849722726
HiGHS_CMD,7,0,0.502202033996582,49.4828487147076,0.07174314771379743
GLPK_CMD,7,0,0.6862387657165527,49.4828,0.09803410938807897
COIN_CMD,7,0,0.8174920082092285,49.476159,0.11678457260131836
CPLEX_PY,7,1,90.43990707397461,52.902044959440396,12.919986724853516
GUROBI,7,1,0.19686102867126465,52.9020449594404,0.02812300409589495
SCIP_CMD,7,1,0.9778611660003662,52.9020449595644,0.1396944522857666
HiGHS_CMD,7,1,0.7086703777313232,52.9020449594524,0.10123862539018903
GLPK_CMD,7,1,0.5626380443572998,52.902,0.08037686347961426
COIN_CMD,7,1,0.8457870483398438,52.902045,0.12082672119140625
CPLEX_PY,7,2,23.02008819580078,52.902044959440396,3.2885840279715404
GUROBI,7,2,0.20969295501708984,52.9020449594404,0.029956136431012834
SCIP_CMD,7,2,1.0672111511230469,52.9020449595644,0.15245873587472097
HiGHS_CMD,7,2,0.6340217590332031,52.9020449594524,0.0905745370047433
GLPK_CMD,7,2,0.5774412155151367,52.902,0.0824916022164481
COIN_CMD,7,2,3.945481300354004,52.902045,0.5636401857648577
CPLEX_PY,7,3,1.415238857269287,52.902044959440396,0.20217697960989817
GUROBI,7,3,0.2025899887084961,52.902044959440396,0.028941426958356584
SCIP_CMD,7,3,0.9311840534210205,52.9020449595644,0.13302629334586008
HiGHS_CMD,7,3,0.607839822769165,52.9020449594524,0.08683426039559501
GLPK_CMD,7,3,0.6169469356536865,52.902,0.08813527652195521
COIN_CMD,7,3,0.8260178565979004,52.902045,0.1180025509425572
CPLEX_PY,7,4,39.930182218551636,52.9020449594404,5.704311745507376
GUROBI,7,4,0.1902782917022705,52.902044959440396,0.027182613100324358
SCIP_CMD,7,4,0.7361149787902832,52.9020449595643,0.10515928268432617
HiGHS_CMD,7,4,0.5659189224243164,52.9020449594524,0.08084556034633092
GLPK_CMD,7,4,0.5087432861328125,52.902,0.0726776123046875
COIN_CMD,7,4,2.8099069595336914,52.902045,0.4014152799333845
CPLEX_PY,7,5,29.046905994415283,52.902044959440445,4.149557999202183
GUROBI,7,5,0.2353980541229248,52.9020449594404,0.033628293446132114
SCIP_CMD,7,5,1.113745927810669,52.9020449595644,0.15910656111580984
HiGHS_CMD,7,5,0.9138879776000977,52.9020449594524,0.13055542537144252
GLPK_CMD,7,5,0.6790332794189453,52.902,0.09700475420270648
COIN_CMD,7,5,1.5156011581420898,52.902045,0.21651445116315568
CPLEX_PY,7,6,42.581361055374146,52.902044959440396,6.0830515793391635
GUROBI,7,6,0.2133641242980957,52.9020449594404,0.030480589185442244
SCIP_CMD,7,6,0.9639968872070312,52.9020449595644,0.1377138410295759
HiGHS_CMD,7,6,0.6094663143157959,52.9020449594524,0.08706661633082799
GLPK_CMD,7,6,0.7435002326965332,52.902,0.1062143189566476
COIN_CMD,7,6,0.8443939685821533,52.902045,0.12062770979745048
CPLEX_PY,7,7,12.532804012298584,52.90204495944039,1.790400573185512
GUROBI,7,7,0.20592570304870605,52.9020449594404,0.02941795757838658
SCIP_CMD,7,7,0.8114097118377686,52.9020449595644,0.11591567311968122
HiGHS_CMD,7,7,0.5951950550079346,52.9020449594524,0.0850278650011335
GLPK_CMD,7,7,0.54610276222229,52.902,0.07801468031747001
COIN_CMD,7,7,0.9948039054870605,52.902045,0.14211484364100865
CPLEX_PY,7,8,21.75873303413391,52.902044959440396,3.1083904334477017
GUROBI,7,8,0.2121741771697998,52.9020449594404,0.03031059673854283
SCIP_CMD,7,8,1.0748591423034668,52.9020449595644,0.1535513060433524
HiGHS_CMD,7,8,0.7207212448120117,52.9020449594524,0.1029601778302874
GLPK_CMD,7,8,0.664017915725708,52.902,0.09485970224652972
COIN_CMD,7,8,0.9849672317504883,52.902045,0.14070960453578404
CPLEX_PY,7,9,56.08760905265808,52.90204495944039,8.012515578951154
GUROBI,7,9,0.2277688980102539,52.9020449594404,0.032538414001464844
SCIP_CMD,7,9,1.1230669021606445,52.9020449595644,0.16043812888009207
HiGHS_CMD,7,9,0.685309886932373,52.9020449594524,0.09790141241891044
GLPK_CMD,7,9,0.6862988471984863,52.902,0.09804269245692662
COIN_CMD,7,9,1.275649070739746,52.902045,0.18223558153424943
CPLEX_PY,8,0,3.726810932159424,52.902044959440396,0.465851366519928
GUROBI,8,0,0.26356005668640137,52.902044959440396,0.03294500708580017
SCIP_CMD,8,0,1.2718019485473633,52.9020449595644,0.1589752435684204
HiGHS_CMD,8,0,1.0699279308319092,52.9020449594524,0.13374099135398865
GLPK_CMD,8,0,0.9671807289123535,52.902,0.12089759111404419
COIN_CMD,8,0,3.9997622966766357,52.902045,0.49997028708457947
CPLEX_PY,8,1,81.75725388526917,52.902044959440396,10.219656735658646
GUROBI,8,1,0.21615219116210938,52.9020449594404,0.027019023895263672
SCIP_CMD,8,1,0.981511116027832,52.9020449595644,0.122688889503479
HiGHS_CMD,8,1,0.6873888969421387,52.9020449594524,0.08592361211776733
GLPK_CMD,8,1,0.6554031372070312,52.902,0.0819253921508789
COIN_CMD,8,1,1.1437358856201172,52.902045,0.14296698570251465
CPLEX_PY,8,2,24.78658103942871,52.90204495944045,3.098322629928589
GUROBI,8,2,0.24705219268798828,52.902044959440396,0.030881524085998535
SCIP_CMD,8,2,1.26509690284729,52.9020449595644,0.15813711285591125
HiGHS_CMD,8,2,0.8039588928222656,52.9020449594524,0.1004948616027832
GLPK_CMD,8,2,0.9000859260559082,52.902,0.11251074075698853
COIN_CMD,8,2,1.7105748653411865,52.902045,0.21382185816764832
CPLEX_PY,8,3,40.83630895614624,52.902044959440396,5.10453861951828
GUROBI,8,3,0.24785995483398438,52.9020449594404,0.030982494354248047
SCIP_CMD,8,3,1.4121100902557373,52.9020449595644,0.17651376128196716
HiGHS_CMD,8,3,0.9988160133361816,52.9020449594524,0.1248520016670227
GLPK_CMD,8,3,0.8182158470153809,52.902,0.10227698087692261
COIN_CMD,8,3,1.950624942779541,52.902045,0.24382811784744263
CPLEX_PY,8,4,35.13496398925781,52.902044959440396,4.391870498657227
GUROBI,8,4,0.18490195274353027,52.9020449594404,0.023112744092941284
SCIP_CMD,8,4,0.8452551364898682,52.9020449595644,0.10565689206123352
HiGHS_CMD,8,4,0.5426099300384521,52.9020449594524,0.06782624125480652
GLPK_CMD,8,4,0.5218839645385742,52.902,0.06523549556732178
COIN_CMD,8,4,0.6994121074676514,52.902045,0.08742651343345642
CPLEX_PY,8,5,43.11184597015381,52.902044959440396,5.388980746269226
GUROBI,8,5,0.2541179656982422,52.9020449594404,0.03176474571228027
SCIP_CMD,8,5,1.2359941005706787,52.9020449595644,0.15449926257133484
HiGHS_CMD,8,5,0.7214829921722412,52.9020449594524,0.09018537402153015
GLPK_CMD,8,5,0.9564931392669678,52.902,0.11956164240837097
COIN_CMD,8,5,1.5745761394500732,52.902045,0.19682201743125916
CPLEX_PY,8,6,60.54191493988037,52.902044959440396,7.567739367485046
GUROBI,8,6,0.2261030673980713,52.9020449594404,0.02826288342475891
SCIP_CMD,8,6,1.2635161876678467,52.9020449595644,0.15793952345848083
HiGHS_CMD,8,6,0.8674161434173584,52.9020449594524,0.1084270179271698
GLPK_CMD,8,6,0.7098197937011719,52.902,0.08872747421264648
COIN_CMD,8,6,1.5748412609100342,52.902045,0.19685515761375427
CPLEX_PY,8,7,58.40604591369629,52.9020449594404,7.300755739212036
GUROBI,8,7,0.2095019817352295,52.902044959440396,0.026187747716903687
SCIP_CMD,8,7,1.0914108753204346,52.9020449595644,0.13642635941505432
HiGHS_CMD,8,7,0.7583742141723633,52.9020449594524,0.09479677677154541
GLPK_CMD,8,7,0.6578011512756348,52.902,0.08222514390945435
COIN_CMD,8,7,1.1231720447540283,52.902045,0.14039650559425354
CPLEX_PY,8,8,51.56417894363403,52.9020449594404,6.445522367954254
GUROBI,8,8,0.22777915000915527,52.9020449594404,0.02847239375114441
SCIP_CMD,8,8,1.1527581214904785,52.9020449595644,0.14409476518630981
HiGHS_CMD,8,8,0.715735912322998,52.9020449594524,0.08946698904037476
GLPK_CMD,8,8,0.6388921737670898,52.902,0.07986152172088623
COIN_CMD,8,8,2.207789897918701,52.902045,0.27597373723983765
CPLEX_PY,8,9,17.91810703277588,52.902044959440396,2.239763379096985
GUROBI,8,9,0.2314438819885254,52.902044959440396,0.028930485248565674
SCIP_CMD,8,9,1.1067521572113037,52.9020449595644,0.13834401965141296
HiGHS_CMD,8,9,2.8449342250823975,52.9020449594524,0.3556167781352997
GLPK_CMD,8,9,0.7745678424835205,52.902,0.09682098031044006
COIN_CMD,8,9,1.7386181354522705,52.902045,0.2173272669315338
CPLEX_PY,9,0,24.81462597846985,52.902044959440396,2.7571806642744274
GUROBI,9,0,0.26512789726257324,52.9020449594404,0.02945865525139703
SCIP_CMD,9,0,1.2573697566986084,52.9020449595644,0.13970775074428982
HiGHS_CMD,9,0,0.7877120971679688,52.9020449594524,0.08752356635199653
GLPK_CMD,9,0,0.7844951152801514,52.902,0.08716612392001682
COIN_CMD,9,0,1.5283868312835693,52.902045,0.1698207590315077
CPLEX_PY,9,1,46.442697286605835,52.902044959440396,5.16029969851176
GUROBI,9,1,0.26647090911865234,52.9020449594404,0.02960787879096137
SCIP_CMD,9,1,1.4471979141235352,52.9020449595644,0.16079976823594835
HiGHS_CMD,9,1,0.9743869304656982,52.9020449594524,0.1082652144961887
GLPK_CMD,9,1,1.005695104598999,52.902,0.11174390051099989
COIN_CMD,9,1,3.767335891723633,52.902045,0.4185928768581814
CPLEX_PY,9,2,86.00603699684143,52.902044959440396,9.556226332982382
GUROBI,9,2,0.283627986907959,52.902044959440396,0.031514220767551
SCIP_CMD,9,2,1.519758939743042,52.9020449595644,0.16886210441589355
HiGHS_CMD,9,2,0.952965259552002,52.9020449594524,0.10588502883911133
GLPK_CMD,9,2,0.760526180267334,52.902,0.08450290891859266
COIN_CMD,9,2,3.5516459941864014,52.902045,0.39462733268737793
CPLEX_PY,9,3,82.61911129951477,52.9020449594404,9.17990125550164
GUROBI,9,3,0.24614191055297852,52.902044959440396,0.027349101172553167
SCIP_CMD,9,3,1.2872099876403809,52.9020449595644,0.14302333196004233
HiGHS_CMD,9,3,1.1018009185791016,52.9020449594524,0.12242232428656684
GLPK_CMD,9,3,0.7655200958251953,52.902,0.08505778842502171
COIN_CMD,9,3,2.0234289169311523,52.902045,0.2248254352145725
CPLEX_PY,9,4,42.00066876411438,52.902044959440396,4.666740973790486
GUROBI,9,4,0.27570676803588867,52.9020449594404,0.030634085337320965
SCIP_CMD,9,4,1.2755069732666016,52.9020449595644,0.1417229970296224
HiGHS_CMD,9,4,0.921485185623169,52.9020449594524,0.10238724284701878
GLPK_CMD,9,4,0.7422459125518799,52.902,0.08247176806131999
COIN_CMD,9,4,1.6880691051483154,52.902045,0.1875632339053684
CPLEX_PY,9,5,66.55672597885132,52.9020449594404,7.395191775427924
GUROBI,9,5,0.2677879333496094,52.902044959440396,0.029754214816623263
SCIP_CMD,9,5,1.6955609321594238,52.9020449595644,0.18839565912882486
HiGHS_CMD,9,5,1.1784718036651611,52.9020449594524,0.13094131151835123
GLPK_CMD,9,5,0.9792900085449219,52.902,0.10881000094943577
COIN_CMD,9,5,1.5840682983398438,52.902045,0.1760075887044271
CPLEX_PY,9,6,83.19174718856812,52.902044959440396,9.243527465396458
GUROBI,9,6,0.25360679626464844,52.902044959440396,0.02817853291829427
SCIP_CMD,9,6,1.3952891826629639,52.9020449595644,0.15503213140699598
HiGHS_CMD,9,6,0.8666119575500488,52.9020449594524,0.09629021750556098
GLPK_CMD,9,6,0.9517760276794434,52.902,0.10575289196438259
CPLEX_PY,9,7,67.80948519706726,52.9020449594404,7.534387244118585
GUROBI,9,7,0.2781050205230713,52.902044959440396,0.03090055783589681
SCIP_CMD,9,7,1.242084264755249,52.9020449595644,0.13800936275058323
HiGHS_CMD,9,7,1.128866195678711,52.9020449594524,0.12542957729763454
GLPK_CMD,9,7,1.079759120941162,52.902,0.11997323566012913
COIN_CMD,9,7,4.86058497428894,52.902045,0.5400649971432157
CPLEX_PY,9,8,28.483253002166748,52.902044959440396,3.1648058891296387
GUROBI,9,8,0.2901451587677002,52.902044959440396,0.03223835097418891
SCIP_CMD,9,8,1.3388900756835938,52.9020449595644,0.14876556396484375
HiGHS_CMD,9,8,1.17569899559021,52.9020449594524,0.13063322173224556
GLPK_CMD,9,8,1.0800418853759766,52.902,0.12000465393066406
COIN_CMD,9,8,4.83356499671936,52.902045,0.5370627774132622
CPLEX_PY,9,9,47.991761207580566,52.902044959440396,5.332417911953396
GUROBI,9,9,0.294741153717041,52.9020449594404,0.032749017079671226
SCIP_CMD,9,9,1.306847095489502,52.9020449595644,0.14520523283216688
HiGHS_CMD,9,9,0.958928108215332,52.9020449594524,0.10654756757948133
GLPK_CMD,9,9,0.947314977645874,52.902,0.10525721973843044
COIN_CMD,9,9,3.544165849685669,52.902045,0.3937962055206299
CPLEX_PY,10,0,106.66632080078125,52.9020449594404,10.666632080078125
GUROBI,10,0,0.32188892364501953,52.9020449594404,0.03218889236450195
SCIP_CMD,10,0,1.5668058395385742,52.9020449595644,0.15668058395385742
HiGHS_CMD,10,0,1.4296209812164307,52.9020449594525,0.14296209812164307
GLPK_CMD,10,0,1.1036338806152344,52.902,0.11036338806152343
COIN_CMD,10,0,2.5012309551239014,52.902045,0.25012309551239015
CPLEX_PY,10,1,113.4861011505127,40.48721695479611,11.348610115051269
GUROBI,10,1,0.31548190116882324,40.48721695479615,0.03154819011688233
SCIP_CMD,10,1,1.5227460861206055,40.4872169547686,0.15227460861206055
HiGHS_CMD,10,1,0.8978292942047119,40.487216954791,0.0897829294204712
GLPK_CMD,10,1,1.347562313079834,40.4872,0.1347562313079834
COIN_CMD,10,1,7.375071048736572,40.487217,0.7375071048736572
CPLEX_PY,10,2,69.68404293060303,52.90204495944041,6.968404293060303
GUROBI,10,2,0.31328272819519043,52.9020449594404,0.03132827281951904
SCIP_CMD,10,2,1.729231834411621,52.9020449595644,0.17292318344116211
HiGHS_CMD,10,2,1.0682249069213867,52.9020449594524,0.10682249069213867
GLPK_CMD,10,2,1.2254741191864014,52.902,0.12254741191864013
COIN_CMD,10,2,51.75282096862793,52.902045,5.175282096862793
CPLEX_PY,10,3,31.12953495979309,52.9020449594404,3.1129534959793093
GUROBI,10,3,0.2935638427734375,52.90204495944039,0.02935638427734375
SCIP_CMD,10,3,1.7166640758514404,52.9020449595644,0.17166640758514404
HiGHS_CMD,10,3,1.0049211978912354,52.9020449594524,0.10049211978912354
GLPK_CMD,10,3,0.9780561923980713,52.902,0.09780561923980713
COIN_CMD,10,3,32.74672794342041,52.902045,3.274672794342041
CPLEX_PY,10,4,53.70819687843323,52.90204495944039,5.370819687843323
GUROBI,10,4,0.28431105613708496,52.9020449594404,0.028431105613708495
SCIP_CMD,10,4,1.3298521041870117,52.9020449595644,0.13298521041870118
HiGHS_CMD,10,4,1.2383480072021484,52.9020449594525,0.12383480072021484
GLPK_CMD,10,4,1.225938081741333,52.902,0.1225938081741333
COIN_CMD,10,4,4.750832796096802,52.902045,0.47508327960968016
CPLEX_PY,10,5,16.6925208568573,52.9020449594404,1.66925208568573
GUROBI,10,5,0.2724039554595947,52.9020449594404,0.027240395545959473
SCIP_CMD,10,5,1.2735092639923096,52.9020449595644,0.12735092639923096
HiGHS_CMD,10,5,0.9248430728912354,52.9020449594524,0.09248430728912353
GLPK_CMD,10,5,0.9461500644683838,52.902,0.09461500644683837
COIN_CMD,10,5,1.6776390075683594,52.902045,0.16776390075683595
CPLEX_PY,10,6,55.676573038101196,52.9020449594404,5.56765730381012
GUROBI,10,6,0.2724332809448242,52.9020449594404,0.027243328094482423
SCIP_CMD,10,6,1.530151128768921,52.9020449595644,0.1530151128768921
HiGHS_CMD,10,6,1.1771619319915771,52.9020449594524,0.11771619319915771
GLPK_CMD,10,6,0.8437380790710449,52.902,0.0843738079071045
COIN_CMD,10,6,34.09374809265137,52.902045,3.409374809265137
CPLEX_PY,10,7,34.63676905632019,52.902044959440396,3.463676905632019
GUROBI,10,7,0.3527657985687256,52.90204495944039,0.03527657985687256
SCIP_CMD,10,7,1.463090181350708,52.9020449595644,0.1463090181350708
HiGHS_CMD,10,7,0.9588868618011475,52.9020449594525,0.09588868618011474
GLPK_CMD,10,7,1.3465840816497803,52.902,0.13465840816497804
COIN_CMD,10,7,3.408601999282837,52.902045,0.3408601999282837
CPLEX_PY,10,8,11.407876014709473,52.902044959440396,1.1407876014709473
GUROBI,10,8,0.3037590980529785,52.90204495944057,0.030375909805297852
SCIP_CMD,10,8,1.8185908794403076,52.9020449595644,0.18185908794403077
HiGHS_CMD,10,8,1.5940568447113037,52.9020449594524,0.15940568447113038
GLPK_CMD,10,8,0.994704008102417,52.902,0.0994704008102417
COIN_CMD,10,8,2.278839111328125,52.902045,0.2278839111328125
CPLEX_PY,10,9,80.42478489875793,52.9020449594404,8.042478489875794
GUROBI,10,9,0.2883477210998535,52.9020449594404,0.028834772109985352
SCIP_CMD,10,9,1.2792279720306396,52.9020449595644,0.12792279720306396
HiGHS_CMD,10,9,1.1073861122131348,52.9020449594524,0.11073861122131348
GLPK_CMD,10,9,0.9981019496917725,52.902,0.09981019496917724
COIN_CMD,10,9,1.6440722942352295,52.902045,0.16440722942352295
CPLEX_PY,11,0,80.54585599899292,52.90204495944039,7.322350545362993
GUROBI,11,0,0.33007121086120605,52.90204495944039,0.030006473714655094
SCIP_CMD,11,0,2.0098717212677,52.9020449595644,0.1827156110243364
HiGHS_CMD,11,0,1.1080868244171143,52.9020449594524,0.1007351658561013
GLPK_CMD,11,0,1.1958661079406738,52.902,0.10871510072187944
COIN_CMD,11,0,10.57548213005066,52.902045,0.9614074663682417
CPLEX_PY,11,1,125.36927795410156,52.902044959440396,11.397207086736506
GUROBI,11,1,0.2955777645111084,52.9020449594404,0.026870705864646217
SCIP_CMD,11,1,1.5350661277770996,52.9020449595644,0.1395514661615545
HiGHS_CMD,11,1,1.0191528797149658,52.9020449594524,0.09265026179226962
GLPK_CMD,11,1,1.1728661060333252,52.902,0.10662419145757501
CPLEX_PY,11,2,76.77307200431824,52.9020449594404,6.979370182210749
GUROBI,11,2,0.3043649196624756,52.9020449594404,0.027669538151134144
SCIP_CMD,11,2,1.5729649066925049,52.9020449595644,0.14299680969931863
HiGHS_CMD,11,2,1.060439109802246,52.9020449594524,0.09640355543656783
GLPK_CMD,11,2,1.1326141357421875,52.902,0.10296492143110796
COIN_CMD,11,2,2.3068020343780518,52.902045,0.20970927585255017
CPLEX_PY,11,3,44.993064165115356,52.902044959440396,4.090278560465032
GUROBI,11,3,0.29709815979003906,52.902044959440396,0.02700892361727628
SCIP_CMD,11,3,1.998837947845459,52.9020449595644,0.18171254071322354
HiGHS_CMD,11,3,1.4771559238433838,52.9020449594524,0.13428690216758035
GLPK_CMD,11,3,1.239025354385376,52.902,0.11263866858048872
COIN_CMD,11,3,8.349812030792236,52.902045,0.7590738209811124
CPLEX_PY,11,4,117.3765230178833,52.902044959440396,10.670593001625754
GUROBI,11,4,0.32677483558654785,52.902044959440396,0.029706803235140713
SCIP_CMD,11,4,1.9185490608215332,52.9020449595644,0.17441355098377576
HiGHS_CMD,11,4,1.218932867050171,52.9020449594524,0.11081207882274281
GLPK_CMD,11,4,1.2440850734710693,52.902,0.11309864304282448
COIN_CMD,11,4,8.271408796310425,52.902045,0.7519462542100386
CPLEX_PY,11,5,53.14804410934448,52.902044959440396,4.8316403735767715
GUROBI,11,5,0.34784483909606934,52.902044959440396,0.03162225809964267
SCIP_CMD,11,5,1.69423508644104,52.9020449595644,0.15402137149464
HiGHS_CMD,11,5,1.5163917541503906,52.9020449594524,0.1378537958318537
GLPK_CMD,11,5,1.4833018779754639,52.902,0.1348456252704967
COIN_CMD,11,5,2.5419771671295166,52.902045,0.2310888333754106
CPLEX_PY,11,6,153.61413502693176,52.902044959440396,13.964921366084706
GUROBI,11,6,0.32255101203918457,52.9020449594404,0.029322819276289505
SCIP_CMD,11,6,1.70859694480896,52.9020449595644,0.15532699498263272
HiGHS_CMD,11,6,1.0642809867858887,52.9020449594524,0.09675281698053534
GLPK_CMD,11,6,1.3891172409057617,52.902,0.12628338553688742
COIN_CMD,11,6,2.229008913040161,52.902045,0.2026371739127419
CPLEX_PY,11,7,83.85738182067871,52.9020449594404,7.623398347334429
GUROBI,11,7,0.2915310859680176,52.90204495944041,0.026502825997092506
SCIP_CMD,11,7,1.630275011062622,52.9020449595644,0.1482068191875111
HiGHS_CMD,11,7,1.2766952514648438,52.9020449594524,0.11606320467862216
GLPK_CMD,11,7,0.8287167549133301,52.902,0.07533788681030273
COIN_CMD,11,7,4.097545146942139,52.902045,0.37250410426746716
CPLEX_PY,11,8,146.73452496528625,52.9020449594404,13.339502269571478
GUROBI,11,8,0.2909126281738281,52.902044959440396,0.026446602561257103
SCIP_CMD,11,8,1.3292131423950195,52.9020449595644,0.12083755839954723
HiGHS_CMD,11,8,1.1281218528747559,52.9020449594524,0.10255653207952325
GLPK_CMD,11,8,0.9769971370697021,52.902,0.0888179215517911
COIN_CMD,11,8,22.273229122161865,52.902045,2.024839011105624
CPLEX_PY,11,9,103.35862827301025,52.90204495944039,9.396238933910023
GUROBI,11,9,0.32892322540283203,52.9020449594404,0.029902111400257458
SCIP_CMD,11,9,1.6593427658081055,52.9020449595644,0.1508493423461914
HiGHS_CMD,11,9,1.6588170528411865,52.9020449594524,0.15080155025828967
GLPK_CMD,11,9,1.2137858867645264,52.902,0.11034417152404785
CPLEX_PY,12,0,111.18012309074402,52.902044959440396,9.265010257562002
GUROBI,12,0,0.3790860176086426,52.902044959440396,0.03159050146738688
SCIP_CMD,12,0,2.0048367977142334,52.9020449595644,0.16706973314285278
HiGHS_CMD,12,0,1.927847146987915,52.9020449594523,0.16065392891565958
GLPK_CMD,12,0,1.35831618309021,52.902,0.1131930152575175
COIN_CMD,12,0,5.556020021438599,52.902045,0.46300166845321655
CPLEX_PY,12,1,139.4131100177765,52.90204495944053,11.61775916814804
GUROBI,12,1,0.35564398765563965,52.9020449594404,0.029636998971303303
SCIP_CMD,12,1,1.9586150646209717,52.9020449595644,0.16321792205174765
HiGHS_CMD,12,1,1.4477591514587402,52.9020449594524,0.12064659595489502
GLPK_CMD,12,1,1.3284380435943604,52.902,0.11070317029953003
COIN_CMD,12,1,11.979986906051636,52.902045,0.9983322421709696
CPLEX_PY,12,2,147.60815119743347,52.902044959440396,12.30067926645279
GUROBI,12,2,0.3593599796295166,52.9020449594404,0.029946664969126385
SCIP_CMD,12,2,2.2177536487579346,52.9020449595644,0.18481280406316122
HiGHS_CMD,12,2,2.0261270999908447,52.9020449594524,0.16884392499923706
GLPK_CMD,12,2,1.348984956741333,52.902,0.11241541306177776
COIN_CMD,12,2,3.0233452320098877,52.902045,0.251945436000824
CPLEX_PY,12,3,104.8898458480835,52.90204495944041,8.740820487340292
GUROBI,12,3,0.3434281349182129,52.902044959440396,0.028619011243184406
SCIP_CMD,12,3,1.8790359497070312,52.9020449595644,0.1565863291422526
HiGHS_CMD,12,3,1.5903398990631104,52.9020449594525,0.13252832492192587
GLPK_CMD,12,3,1.1942520141601562,52.902,0.09952100118001302
CPLEX_PY,12,4,170.87390804290771,52.90204495944039,14.239492336908976
GUROBI,12,4,0.35021424293518066,52.902044959440396,0.02918452024459839
SCIP_CMD,12,4,2.011945962905884,52.9020449595644,0.16766216357549033
HiGHS_CMD,12,4,1.3464181423187256,52.9020449594524,0.1122015118598938
GLPK_CMD,12,4,1.355281114578247,52.902,0.11294009288152058
COIN_CMD,12,4,3.5798449516296387,52.902045,0.2983204126358032
CPLEX_PY,12,5,120.21132612228394,52.902044959440396,10.017610510190329
GUROBI,12,5,0.3207521438598633,52.902044959440396,0.026729345321655273
SCIP_CMD,12,5,1.7599120140075684,52.9020449595644,0.1466593345006307
HiGHS_CMD,12,5,1.5355420112609863,52.9020449594524,0.12796183427174887
GLPK_CMD,12,5,1.1711831092834473,52.902,0.09759859244028728
COIN_CMD,12,5,268.75287199020386,52.902045,22.396072665850323
CPLEX_PY,12,6,64.8783049583435,52.90204495944039,5.4065254131952925
GUROBI,12,6,0.3660919666290283,52.902044959440396,0.03050766388575236
SCIP_CMD,12,6,2.2245471477508545,52.9020449595644,0.18537892897923788
HiGHS_CMD,12,6,1.6720340251922607,52.9020449594524,0.13933616876602173
GLPK_CMD,12,6,1.3949639797210693,52.902,0.11624699831008911
COIN_CMD,12,6,5.047449111938477,52.902045,0.42062075932820636
CPLEX_PY,12,7,47.65336608886719,52.902044959440396,3.971113840738932
GUROBI,12,7,0.3461768627166748,52.90204495944039,0.028848071893056233
SCIP_CMD,12,7,2.1834299564361572,52.9020449595644,0.18195249636967978
HiGHS_CMD,12,7,1.261944055557251,52.9020449594524,0.10516200462977092
GLPK_CMD,12,7,1.7311248779296875,52.902,0.14426040649414062
COIN_CMD,12,7,3.066041946411133,52.902045,0.25550349553426105
CPLEX_PY,12,8,64.68591403961182,52.90204495944039,5.390492836634318
GUROBI,12,8,0.35194873809814453,52.9020449594404,0.02932906150817871
SCIP_CMD,12,8,1.816843032836914,52.9020449595644,0.15140358606974283
HiGHS_CMD,12,8,2.0199038982391357,52.9020449594525,0.16832532485326132
GLPK_CMD,12,8,1.4924850463867188,52.902,0.12437375386555989
COIN_CMD,12,8,81.92385506629944,52.902045,6.82698792219162
CPLEX_PY,12,9,54.80828309059143,52.9020449594404,4.567356924215953
GUROBI,12,9,0.3434319496154785,52.90204495944039,0.02861932913462321
SCIP_CMD,12,9,1.720991849899292,52.9020449595644,0.14341598749160767
HiGHS_CMD,12,9,1.6830229759216309,52.9020449594524,0.1402519146601359
GLPK_CMD,12,9,1.2190380096435547,52.902,0.10158650080362956
COIN_CMD,12,9,6.493197679519653,52.902045,0.5410998066266378
CPLEX_PY,13,0,151.05507922172546,52.90204495944039,11.619621478594267
GUROBI,13,0,0.3892672061920166,52.90204495944041,0.02994363124553974
SCIP_CMD,13,0,2.111908197402954,52.9020449595644,0.16245447672330415
HiGHS_CMD,13,0,2.0995960235595703,52.9020449594524,0.16150738642765924
GLPK_CMD,13,0,1.5401077270507812,52.902,0.11846982515775241
COIN_CMD,13,0,5.337130784988403,52.902045,0.4105485219221849
CPLEX_PY,13,1,74.7779221534729,52.90204495944041,5.752147857959454
GUROBI,13,1,0.37344813346862793,52.9020449594404,0.028726779497586764
SCIP_CMD,13,1,2.4335179328918457,52.9020449595644,0.1871936871455266
HiGHS_CMD,13,1,1.8540527820587158,52.9020449594524,0.14261944477374738
GLPK_CMD,13,1,1.620265007019043,52.902,0.12463576977069561
COIN_CMD,13,1,4.172126054763794,52.902045,0.3209327734433688
CPLEX_PY,13,2,84.9718120098114,52.90204495944042,6.536293231523954
GUROBI,13,2,0.3890831470489502,52.902044959440396,0.029929472849919245
SCIP_CMD,13,2,1.9534060955047607,52.9020449595644,0.15026200734652007
HiGHS_CMD,13,2,1.4505360126495361,52.9020449594524,0.11157969328073356
GLPK_CMD,13,2,1.544684886932373,52.902,0.11882191437941331
COIN_CMD,13,2,36.82296705245972,52.902045,2.832535927112286
CPLEX_PY,13,3,228.60839200019836,52.90204495944039,17.585260923092182
GUROBI,13,3,0.4462149143218994,52.9020449594404,0.03432422417860765
SCIP_CMD,13,3,2.5204410552978516,52.9020449595644,0.1938800811767578
HiGHS_CMD,13,3,2.2032129764556885,52.9020449594524,0.1694779212658222
GLPK_CMD,13,3,1.5027329921722412,52.902,0.11559484555171086
COIN_CMD,13,3,3.477602005004883,52.902045,0.26750784653883714
CPLEX_PY,13,4,247.3992898464203,52.9020449594404,19.030714603570793
GUROBI,13,4,0.40285801887512207,52.9020449594404,0.03098907837500939
SCIP_CMD,13,4,1.9963369369506836,52.9020449595644,0.1535643797654372
HiGHS_CMD,13,4,1.4914119243621826,52.9020449594524,0.11472399418170635
GLPK_CMD,13,4,1.6766550540924072,52.902,0.12897346569941595
COIN_CMD,13,4,7.895434141159058,52.902045,0.607341087781466
CPLEX_PY,13,5,38.42743515968323,52.902044959440396,2.9559565507448635
GUROBI,13,5,0.3679468631744385,52.9020449594404,0.02830360485957219
SCIP_CMD,13,5,2.0171031951904297,52.9020449595644,0.15516178424541766
HiGHS_CMD,13,5,1.9183099269866943,52.9020449594524,0.14756230207589957
GLPK_CMD,13,5,1.5797197818756104,52.902,0.12151690629812387
COIN_CMD,13,5,85.72112512588501,52.902045,6.593932701991155
CPLEX_PY,13,6,91.90470814704895,52.9020449594404,7.069592934388381
GUROBI,13,6,0.35889101028442383,52.902044959440396,0.027607000791109525
SCIP_CMD,13,6,2.0226190090179443,52.9020449595644,0.15558607761676496
HiGHS_CMD,13,6,1.4821488857269287,52.9020449594524,0.11401145274822529
GLPK_CMD,13,6,1.2474608421325684,52.902,0.09595852631788987
COIN_CMD,13,6,9.640113353729248,52.902045,0.741547181056096
CPLEX_PY,13,7,65.39487314224243,52.9020449594404,5.0303748570955715
GUROBI,13,7,0.3766200542449951,52.9020449594404,0.028970773403461162
SCIP_CMD,13,7,2.5720937252044678,52.9020449595644,0.19785336347726676
HiGHS_CMD,13,7,1.9796233177185059,52.9020449594525,0.15227871674757737
GLPK_CMD,13,7,1.46073317527771,52.902,0.1123640904059777
COIN_CMD,13,7,4.8286237716674805,52.902045,0.3714325978205754
CPLEX_PY,13,8,153.02036309242249,52.90204495944039,11.770797160955576
GUROBI,13,8,0.4154539108276367,52.9020449594404,0.03195799314058744
SCIP_CMD,13,8,2.710766077041626,52.9020449595644,0.20852046746474046
HiGHS_CMD,13,8,1.8485901355743408,52.9020449594524,0.1421992411980262
GLPK_CMD,13,8,1.7113008499145508,52.902,0.1316385269165039
COIN_CMD,13,8,18.93425726890564,52.902045,1.456481328377357
CPLEX_PY,13,9,145.1219460964203,52.902044959440396,11.163226622801561
GUROBI,13,9,0.3619251251220703,52.90204495944041,0.027840394240159255
SCIP_CMD,13,9,1.8176970481872559,52.9020449595644,0.13982284986055815
HiGHS_CMD,13,9,1.2967050075531006,52.9020449594525,0.0997465390425462
GLPK_CMD,13,9,1.5793836116790771,52.902,0.1214910470522367
COIN_CMD,13,9,17.16020703315735,52.902045,1.3200159256274884
CPLEX_PY,14,0,177.9564130306244,52.22374249582795,12.711172359330314
GUROBI,14,0,0.5231468677520752,52.22374249582799,0.037367633410862515
SCIP_CMD,14,0,2.157012939453125,52.2237424957748,0.15407235281808035
HiGHS_CMD,14,0,1.4901630878448486,52.2237424958159,0.10644022056034633
GLPK_CMD,14,0,2.959990978240967,52.2237,0.21142792701721191
COIN_CMD,14,0,6.161064147949219,52.223742,0.4400760105678013
CPLEX_PY,14,1,112.75120210647583,52.9020449594404,8.053657293319702
GUROBI,14,1,0.3842768669128418,52.9020449594404,0.027448347636631558
SCIP_CMD,14,1,2.5757009983062744,52.9020449595644,0.18397864273616246
HiGHS_CMD,14,1,1.8992173671722412,52.9020449594524,0.1356583833694458
GLPK_CMD,14,1,1.7061359882354736,52.902,0.12186685630253383
COIN_CMD,14,1,13.498652935028076,52.902045,0.9641894953591483
CPLEX_PY,14,2,105.78690695762634,52.90204495944039,7.556207639830453
GUROBI,14,2,0.42075490951538086,52.9020449594404,0.03005392210824149
SCIP_CMD,14,2,2.565211057662964,52.9020449595644,0.18322936126164027
HiGHS_CMD,14,2,2.228013038635254,52.9020449594524,0.1591437884739467
GLPK_CMD,14,2,1.7297401428222656,52.902,0.12355286734444755
COIN_CMD,14,2,13.190188646316528,52.902045,0.942156331879752
CPLEX_PY,14,3,191.10188484191895,52.9020449594404,13.650134631565638
GUROBI,14,3,0.41588807106018066,52.9020449594404,0.029706290790012906
SCIP_CMD,14,3,3.055288076400757,52.9020449595643,0.21823486260005406
HiGHS_CMD,14,3,1.7323541641235352,52.9020449594525,0.12373958315168108
GLPK_CMD,14,3,2.005470037460327,52.902,0.1432478598185948
COIN_CMD,14,3,7.897063970565796,52.902045,0.5640759978975568
CPLEX_PY,14,4,121.3583881855011,52.9020449594404,8.668456298964363
GUROBI,14,4,0.3949458599090576,52.902044959440396,0.02821041856493269
SCIP_CMD,14,4,2.2752649784088135,52.9020449595644,0.16251892702920095
HiGHS_CMD,14,4,1.7632560729980469,52.9020449594524,0.12594686235700334
GLPK_CMD,14,4,1.7782557010650635,52.902,0.12701826436179026
COIN_CMD,14,4,5.264153957366943,52.902045,0.3760109969547817
CPLEX_PY,14,5,170.9225790500641,52.9020449594404,12.208755646433149
GUROBI,14,5,0.41408300399780273,52.90204495944039,0.02957735742841448
SCIP_CMD,14,5,2.6410818099975586,52.9020449595644,0.18864870071411133
HiGHS_CMD,14,5,2.2087831497192383,52.9020449594524,0.15777022497994558
GLPK_CMD,14,5,1.8352220058441162,52.902,0.13108728613172257
CPLEX_PY,14,6,175.49639987945557,52.9020449594404,12.535457134246826
GUROBI,14,6,0.42502403259277344,52.902044959440396,0.030358859470912387
SCIP_CMD,14,6,2.4890449047088623,52.9020449595644,0.17778892176491873
HiGHS_CMD,14,6,2.300797939300537,52.9020449594524,0.16434270995003836
GLPK_CMD,14,6,2.269073009490967,52.902,0.16207664353506906
COIN_CMD,14,6,11.42377495765686,52.902045,0.8159839255469186
CPLEX_PY,14,7,177.81586408615112,52.9020449594404,12.701133149010795
GUROBI,14,7,0.40572285652160645,52.902044959440396,0.028980204037257602
SCIP_CMD,14,7,2.124068260192871,52.9020449595644,0.15171916144234793
HiGHS_CMD,14,7,1.5824840068817139,52.9020449594524,0.11303457192012242
GLPK_CMD,14,7,1.9093871116638184,52.902,0.13638479369027273
COIN_CMD,14,7,15.021952867507935,52.902045,1.072996633393424
CPLEX_PY,14,8,188.21561908721924,52.9020449594404,13.443972791944232
GUROBI,14,8,0.4460108280181885,52.9020449594404,0.03185791628701346
SCIP_CMD,14,8,2.17266583442688,52.9020449595644,0.15519041674477713
HiGHS_CMD,14,8,1.6366639137268066,52.9020449594524,0.11690456526620048
GLPK_CMD,14,8,1.6832871437072754,52.902,0.1202347959790911
COIN_CMD,14,8,10.71290922164917,52.902045,0.7652078015463692
CPLEX_PY,14,9,79.3870050907135,52.9020449594404,5.670500363622393
GUROBI,14,9,0.3953857421875,52.902044959440396,0.028241838727678572
SCIP_CMD,14,9,2.621209144592285,52.9020449595644,0.18722922461373465
HiGHS_CMD,14,9,2.2980620861053467,52.9020449594525,0.16414729186466762
GLPK_CMD,14,9,1.8079490661621094,52.902,0.12913921901157924
COIN_CMD,14,9,11.743817806243896,52.902045,0.8388441290174212
CPLEX_PY,15,0,83.19505000114441,52.9020449594404,5.5463366667429606
GUROBI,15,0,0.47362828254699707,52.9020449594404,0.031575218836466475
SCIP_CMD,15,0,3.0039007663726807,52.9020449595644,0.20026005109151204
HiGHS_CMD,15,0,2.636708974838257,52.9020449594524,0.17578059832255047
GLPK_CMD,15,0,2.1484107971191406,52.902,0.14322738647460936
COIN_CMD,15,0,9.650598287582397,52.902045,0.6433732191721598
CPLEX_PY,15,1,79.66136980056763,52.9020449594404,5.310757986704508
GUROBI,15,1,0.4463181495666504,52.9020449594404,0.02975454330444336
SCIP_CMD,15,1,2.90647029876709,52.9020449595644,0.19376468658447266
HiGHS_CMD,15,1,2.4020836353302,52.9020449594524,0.16013890902201336
GLPK_CMD,15,1,2.1969573497772217,52.902,0.14646382331848146
CPLEX_PY,15,2,98.41253399848938,52.90204495944039,6.560835599899292
GUROBI,15,2,0.39455270767211914,52.902044959440396,0.026303513844807943
SCIP_CMD,15,2,2.506427764892578,52.9020449595644,0.16709518432617188
HiGHS_CMD,15,2,1.6693339347839355,52.9020449594524,0.1112889289855957
GLPK_CMD,15,2,1.948889970779419,52.902,0.12992599805196126
COIN_CMD,15,2,6.224205017089844,52.902045,0.4149470011393229
CPLEX_PY,15,3,56.434571981430054,52.9020449594404,3.7623047987620035
GUROBI,15,3,0.4999370574951172,52.902044959440396,0.033329137166341144
SCIP_CMD,15,3,3.51370906829834,52.9020449595644,0.23424727121988934
HiGHS_CMD,15,3,2.4993107318878174,52.9020449594524,0.16662071545918783
GLPK_CMD,15,3,2.3688650131225586,52.902,0.15792433420817056
COIN_CMD,15,3,29.55523705482483,52.902045,1.970349136988322
CPLEX_PY,15,4,142.8771436214447,52.9020449594404,9.525142908096313
GUROBI,15,4,0.39469075202941895,52.902044959439124,0.026312716801961265
SCIP_CMD,15,4,2.1699671745300293,52.9020449595644,0.14466447830200196
HiGHS_CMD,15,4,2.5960049629211426,52.9020449594524,0.17306699752807617
GLPK_CMD,15,4,1.8690850734710693,52.902,0.12460567156473795
CPLEX_PY,15,5,40.42003273963928,52.9020449594404,2.6946688493092856
GUROBI,15,5,0.4078788757324219,52.9020449594404,0.027191925048828124
SCIP_CMD,15,5,2.1200850009918213,52.9020449595644,0.1413390000661214
HiGHS_CMD,15,5,1.7778222560882568,52.9020449594524,0.11852148373921713
GLPK_CMD,15,5,1.8199470043182373,52.902,0.12132980028788248
COIN_CMD,15,5,15.706961154937744,52.902045,1.0471307436625164
CPLEX_PY,15,6,189.6345920562744,52.9020449594404,12.642306137084962
GUROBI,15,6,0.4350879192352295,52.902044959440396,0.02900586128234863
SCIP_CMD,15,6,2.655773878097534,52.9020449595644,0.17705159187316893
HiGHS_CMD,15,6,2.0473721027374268,52.9020449594524,0.13649147351582844
GLPK_CMD,15,6,1.9151990413665771,52.902,0.12767993609110515
CPLEX_PY,15,7,133.93381810188293,52.9020449594404,8.928921206792195
GUROBI,15,7,0.420269250869751,52.902044959440396,0.0280179500579834
SCIP_CMD,15,7,2.7836720943450928,52.9020449595644,0.18557813962300618
HiGHS_CMD,15,7,2.2726268768310547,52.9020449594525,0.15150845845540364
GLPK_CMD,15,7,2.113049030303955,52.902,0.14086993535359701
COIN_CMD,15,7,17.122701168060303,52.902045,1.1415134112040202
CPLEX_PY,15,8,85.98864412307739,52.9020449594404,5.7325762748718265
GUROBI,15,8,0.430264949798584,52.9020449594404,0.028684329986572266
SCIP_CMD,15,8,2.529323101043701,52.9020449595645,0.16862154006958008
HiGHS_CMD,15,8,2.248424768447876,52.9020449594525,0.14989498456319172
GLPK_CMD,15,8,1.7431061267852783,52.902,0.11620707511901855
COIN_CMD,15,8,12.1460120677948,52.902045,0.8097341378529866
CPLEX_PY,15,9,99.8728129863739,52.9020449594404,6.658187532424927
GUROBI,15,9,0.4160041809082031,52.90204495944039,0.027733612060546874
SCIP_CMD,15,9,2.369093894958496,52.9020449595644,0.15793959299723306
HiGHS_CMD,15,9,1.8539037704467773,52.9020449594524,0.12359358469645182
GLPK_CMD,15,9,1.6211671829223633,52.902,0.10807781219482422
COIN_CMD,15,9,32.21552801132202,52.902045,2.147701867421468
CPLEX_PY,16,0,158.0631148815155,52.902044959440396,9.878944680094719
GUROBI,16,0,0.46094393730163574,52.902044959440396,0.028808996081352234
SCIP_CMD,16,0,2.944427013397217,52.9020449595644,0.18402668833732605
HiGHS_CMD,16,0,2.0596580505371094,52.9020449594524,0.12872862815856934
GLPK_CMD,16,0,2.4161369800567627,52.902,0.15100856125354767
COIN_CMD,16,0,11.221538066864014,52.902045,0.7013461291790009
CPLEX_PY,16,1,85.96110582351685,52.9020449594404,5.372569113969803
GUROBI,16,1,0.4120180606842041,52.902044959440396,0.025751128792762756
SCIP_CMD,16,1,2.3660290241241455,52.9020449595644,0.1478768140077591
HiGHS_CMD,16,1,2.41294002532959,52.9020449594524,0.15080875158309937
GLPK_CMD,16,1,1.7579326629638672,52.902,0.1098707914352417
COIN_CMD,16,1,88.27692008018494,52.902045,5.5173075050115585
CPLEX_PY,16,2,157.4864227771759,52.9020449594404,9.842901423573494
GUROBI,16,2,0.4321327209472656,52.9020449594404,0.0270082950592041
SCIP_CMD,16,2,3.0027360916137695,52.9020449595644,0.1876710057258606
HiGHS_CMD,16,2,2.8431689739227295,52.9020449594524,0.1776980608701706
GLPK_CMD,16,2,1.534073829650879,52.902,0.09587961435317993
COIN_CMD,16,2,12.441758871078491,52.902045,0.7776099294424057
CPLEX_PY,16,3,126.79760813713074,52.9020449594404,7.924850508570671
GUROBI,16,3,0.48697400093078613,52.9020449594404,0.030435875058174133
SCIP_CMD,16,3,3.5642948150634766,52.9020449595644,0.22276842594146729
HiGHS_CMD,16,3,2.843832015991211,52.9020449594524,0.17773950099945068
GLPK_CMD,16,3,1.847121000289917,52.902,0.11544506251811981
COIN_CMD,16,3,19.705547094345093,52.902045,1.2315966933965683
CPLEX_PY,16,4,60.20296382904053,52.902044959440396,3.762685239315033
GUROBI,16,4,0.5008199214935303,52.902044959440396,0.03130124509334564
SCIP_CMD,16,4,2.8921310901641846,52.9020449595644,0.18075819313526154
HiGHS_CMD,16,4,3.057852268218994,52.9020449594524,0.19111576676368713
GLPK_CMD,16,4,1.857619047164917,52.902,0.11610119044780731
COIN_CMD,16,4,12.77409315109253,52.902045,0.7983808219432831
CPLEX_PY,16,5,83.535001039505,52.902044959440396,5.220937564969063
GUROBI,16,5,0.4812507629394531,52.90204495944036,0.03007817268371582
SCIP_CMD,16,5,2.843480110168457,52.9020449595644,0.17771750688552856
HiGHS_CMD,16,5,2.4025962352752686,52.9020449594525,0.15016226470470428
GLPK_CMD,16,5,2.6510839462280273,52.902,0.1656927466392517
COIN_CMD,16,5,51.38769006729126,52.902045,3.2117306292057037
CPLEX_PY,16,6,15.142621040344238,52.902044959440396,0.9464138150215149
GUROBI,16,6,0.45864200592041016,52.902044959440396,0.028665125370025635
SCIP_CMD,16,6,2.941978693008423,52.9020449595644,0.18387366831302643
HiGHS_CMD,16,6,2.699028968811035,52.9020449594524,0.1686893105506897
GLPK_CMD,16,6,1.97938871383667,52.902,0.12371179461479187
CPLEX_PY,16,7,131.49790692329407,52.90204495944039,8.21861918270588
GUROBI,16,7,0.49558281898498535,52.9020449594404,0.030973926186561584
SCIP_CMD,16,7,3.0675599575042725,52.9020449595644,0.19172249734401703
HiGHS_CMD,16,7,2.9054043292999268,52.9020449594524,0.18158777058124542
GLPK_CMD,16,7,1.871976375579834,52.902,0.11699852347373962
CPLEX_PY,16,8,83.87895202636719,52.902044959440396,5.242434501647949
GUROBI,16,8,0.43285298347473145,52.9020449594404,0.027053311467170715
SCIP_CMD,16,8,2.9622700214385986,52.9020449595644,0.18514187633991241
HiGHS_CMD,16,8,2.5674288272857666,52.9020449594525,0.1604643017053604
GLPK_CMD,16,8,2.0088229179382324,52.902,0.12555143237113953
CPLEX_PY,16,9,141.05502915382385,52.90204495944039,8.81593932211399
GUROBI,16,9,0.42085814476013184,52.90204495944039,0.02630363404750824
SCIP_CMD,16,9,2.559807062149048,52.9020449595644,0.1599879413843155
HiGHS_CMD,16,9,2.36499285697937,52.9020449594524,0.14781205356121063
GLPK_CMD,16,9,2.377331018447876,52.902,0.14858318865299225
COIN_CMD,16,9,131.48327326774597,52.902045,8.217704579234123
CPLEX_PY,17,0,96.99212694168091,52.902044959440396,5.705419231863583
GUROBI,17,0,0.5454339981079102,52.9020449594404,0.032084352829877066
SCIP_CMD,17,0,3.1649179458618164,52.9020449595644,0.1861716438742245
HiGHS_CMD,17,0,2.5454890727996826,52.9020449594524,0.1497346513411578
GLPK_CMD,17,0,2.7914230823516846,52.902,0.16420135778539321
CPLEX_PY,17,1,55.04081678390503,52.902044959440396,3.23769510493559
GUROBI,17,1,0.46256184577941895,52.90204495944039,0.02720952033996582
SCIP_CMD,17,1,3.2933151721954346,52.9020449595644,0.19372442189384909
HiGHS_CMD,17,1,4.510203123092651,52.9020449594525,0.2653060660642736
GLPK_CMD,17,1,1.998546838760376,52.902,0.11756157875061035
CPLEX_PY,17,2,119.71451377868652,52.902044959440346,7.042030222275677
GUROBI,17,2,0.5253281593322754,52.902044959440396,0.030901656431310317
SCIP_CMD,17,2,3.5264971256256104,52.9020449595644,0.20744100738974178
HiGHS_CMD,17,2,2.9513978958129883,52.9020449594525,0.17361164093017578
GLPK_CMD,17,2,2.1086699962615967,52.902,0.1240394115447998
COIN_CMD,17,2,31.23331904411316,52.902045,1.8372540614184212
CPLEX_PY,17,3,128.06745195388794,52.9020449594404,7.5333795266992905
GUROBI,17,3,0.4729640483856201,52.902044959440396,0.027821414610918832
SCIP_CMD,17,3,2.3578498363494873,52.9020449595644,0.13869704919702866
HiGHS_CMD,17,3,2.7400012016296387,52.9020449594524,0.1611765412723317
GLPK_CMD,17,3,2.1532909870147705,52.902,0.1266641757067512
COIN_CMD,17,3,28.882930994033813,52.902045,1.6989959408255184
CPLEX_PY,17,4,128.44983887672424,52.9020449594404,7.555872875101426
GUROBI,17,4,0.49091482162475586,52.902044959440396,0.028877342448515052
SCIP_CMD,17,4,2.5152411460876465,52.9020449595644,0.14795536153456745
HiGHS_CMD,17,4,2.3999218940734863,52.9020449594524,0.1411718761219698
GLPK_CMD,17,4,1.9008491039276123,52.902,0.1118146531722125
COIN_CMD,17,4,9.862053871154785,52.902045,0.5801208159502815
CPLEX_PY,17,5,149.44470310211182,52.902044959440396,8.790864888359518
GUROBI,17,5,0.4665999412536621,52.9020449594404,0.027447055367862478
SCIP_CMD,17,5,2.430535078048706,52.9020449595644,0.1429726516499239
HiGHS_CMD,17,5,2.9167401790618896,52.9020449594524,0.17157295170952291
GLPK_CMD,17,5,2.2352540493011475,52.902,0.13148553231183222
CPLEX_PY,17,6,54.8555691242218,52.902044959440396,3.226798183777753
GUROBI,17,6,0.524472713470459,52.9020449594404,0.030851336086497587
SCIP_CMD,17,6,3.49623703956604,52.9020449595644,0.20566100232741413
HiGHS_CMD,17,6,3.704930067062378,52.9020449594524,0.21793706276837518
GLPK_CMD,17,6,2.0884668827056885,52.902,0.12285099310033462
CPLEX_PY,17,7,222.40902495384216,52.902044959440396,13.082883820814246
GUROBI,17,7,0.4848818778991699,52.902044959440396,0.028522463405833524
SCIP_CMD,17,7,3.0012319087982178,52.9020449595644,0.17654305345871868
HiGHS_CMD,17,7,2.260923147201538,52.9020449594524,0.1329954792471493
GLPK_CMD,17,7,2.374464988708496,52.902,0.13967441110049977
CPLEX_PY,17,8,114.03370594978333,52.90204495944041,6.707865055869608
GUROBI,17,8,0.4906580448150635,52.902044959440396,0.02886223793029785
SCIP_CMD,17,8,3.11228084564209,52.9020449595644,0.1830753438612994
HiGHS_CMD,17,8,2.0782859325408936,52.9020449594524,0.12225211367887609
GLPK_CMD,17,8,2.20404314994812,52.902,0.12964959705577178
COIN_CMD,17,8,15.399606943130493,52.902045,0.9058592319488525
CPLEX_PY,17,9,146.59116291999817,52.90204495944039,8.623009583529305
GUROBI,17,9,29.868463039398193,52.902044959440396,1.7569684140822466
SCIP_CMD,17,9,2.888590097427368,52.9020449595644,0.16991706455455108
HiGHS_CMD,17,9,3.3381550312042236,52.9020449594524,0.19636206065907197
GLPK_CMD,17,9,2.217797040939331,52.902,0.13045864946701946
CPLEX_PY,18,0,237.60597825050354,52.90204495944041,13.200332125027975
GUROBI,18,0,0.5277817249298096,52.9020449594404,0.029321206940544978
SCIP_CMD,18,0,2.990172863006592,52.9020449595644,0.16612071461147732
HiGHS_CMD,18,0,3.6336660385131836,52.9020449594524,0.20187033547295463
GLPK_CMD,18,0,2.164658784866333,52.902,0.12025882138146295
COIN_CMD,18,0,13.599198818206787,52.902045,0.7555110454559326
CPLEX_PY,18,1,115.77332997322083,52.9020449594404,6.431851665178935
GUROBI,18,1,0.5332961082458496,52.902044959440396,0.029627561569213867
SCIP_CMD,18,1,4.0344297885894775,52.9020449595644,0.22413498825497097
HiGHS_CMD,18,1,3.3536489009857178,52.9020449594524,0.18631382783253989
GLPK_CMD,18,1,2.7690203189849854,52.902,0.15383446216583252
COIN_CMD,18,1,28.164263010025024,52.902045,1.5646812783347235
CPLEX_PY,18,2,137.54521083831787,52.902044959440396,7.641400602128771
GUROBI,18,2,0.4876580238342285,52.90204495944042,0.02709211243523492
SCIP_CMD,18,2,3.2662131786346436,52.9020449595644,0.18145628770192465
HiGHS_CMD,18,2,3.282423734664917,52.9020449594524,0.18235687414805093
GLPK_CMD,18,2,2.346693992614746,52.902,0.13037188847859701
COIN_CMD,18,2,31.75928807258606,52.902045,1.7644048929214478
CPLEX_PY,18,3,81.62983894348145,52.90204495944039,4.534991052415636
GUROBI,18,3,0.5339899063110352,52.9020449594404,0.02966610590616862
SCIP_CMD,18,3,2.762410879135132,52.9020449595644,0.15346727106306288
HiGHS_CMD,18,3,2.8585469722747803,52.9020449594524,0.1588081651263767
GLPK_CMD,18,3,2.20043683052063,52.902,0.12224649058447944
CPLEX_PY,18,4,145.65010786056519,52.902044959440396,8.091672658920288
GUROBI,18,4,0.4513061046600342,52.9020449594404,0.025072561370001897
SCIP_CMD,18,4,3.1655242443084717,52.9020449595644,0.17586245801713732
HiGHS_CMD,18,4,2.858186960220337,52.9020449594524,0.1587881644566854
GLPK_CMD,18,4,2.5683939456939697,52.902,0.14268855253855386
COIN_CMD,18,4,15.954687118530273,52.902045,0.8863715065850152
CPLEX_PY,18,5,174.3223958015442,52.902044959440396,9.684577544530233
GUROBI,18,5,0.5406808853149414,52.9020449594404,0.03003782696194119
SCIP_CMD,18,5,3.1040029525756836,52.9020449595644,0.17244460847642687
HiGHS_CMD,18,5,3.033972978591919,52.9020449594524,0.16855405436621773
GLPK_CMD,18,5,2.6379330158233643,52.902,0.14655183421240914
COIN_CMD,18,5,19.996254205703735,52.902045,1.1109030114279852
CPLEX_PY,18,6,110.89737105369568,52.9020449594404,6.160965058538649
GUROBI,18,6,0.5125250816345215,52.9020449594404,0.028473615646362305
SCIP_CMD,18,6,3.4827892780303955,52.9020449595644,0.19348829322391087
HiGHS_CMD,18,6,3.483067035675049,52.9020449594524,0.1935037242041694
GLPK_CMD,18,6,2.640933036804199,52.902,0.14671850204467773
COIN_CMD,18,6,12.094123840332031,52.902045,0.671895768907335
CPLEX_PY,18,7,90.80344605445862,52.90204495944039,5.044635891914368
GUROBI,18,7,0.5901961326599121,52.9020449594404,0.03278867403666178
SCIP_CMD,18,7,3.7076289653778076,52.9020449595644,0.20597938696543375
HiGHS_CMD,18,7,3.274866819381714,52.9020449594525,0.18193704552120632
GLPK_CMD,18,7,2.8584811687469482,52.902,0.15880450937483045
COIN_CMD,18,7,40.405949115753174,52.902045,2.2447749508751764
CPLEX_PY,18,8,90.65431022644043,52.9020449594404,5.036350568135579
GUROBI,18,8,0.5272729396820068,52.902044959440396,0.029292941093444824
SCIP_CMD,18,8,3.3183629512786865,52.9020449595644,0.18435349729326037
HiGHS_CMD,18,8,3.1298301219940186,52.9020449594524,0.1738794512218899
GLPK_CMD,18,8,2.8637609481811523,52.902,0.15909783045450845
CPLEX_PY,18,9,122.42769289016724,52.902044959440396,6.80153849389818
GUROBI,18,9,0.5389671325683594,52.90204495944039,0.029942618476019964
SCIP_CMD,18,9,3.2576828002929688,52.9020449595644,0.18098237779405382
HiGHS_CMD,18,9,2.9794769287109375,52.9020449594524,0.16552649603949654
GLPK_CMD,18,9,2.281489849090576,52.902,0.12674943606058756
COIN_CMD,18,9,48.67937088012695,52.902045,2.7044094933403864
CPLEX_PY,19,0,117.18257284164429,52.9020449594404,6.167503833770752
GUROBI,19,0,0.7229588031768799,52.90204495944045,0.03805046332509894
SCIP_CMD,19,0,4.232891082763672,52.9020449595644,0.222783741198088
HiGHS_CMD,19,0,3.54714298248291,52.9020449594524,0.18669173592015317
GLPK_CMD,19,0,2.82460618019104,52.902,0.14866348316794947
COIN_CMD,19,0,22.45832085609436,52.902045,1.1820168871628611
CPLEX_PY,19,1,137.62673377990723,52.9020449594404,7.243512304205644
GUROBI,19,1,0.5320420265197754,52.902044959440396,0.028002211922093442
SCIP_CMD,19,1,2.805197238922119,52.9020449595644,0.14764195994326942
HiGHS_CMD,19,1,3.6148557662963867,52.9020449594524,0.19025556664717824
GLPK_CMD,19,1,2.6190011501312256,52.902,0.13784216579638028
CPLEX_PY,19,2,135.43629097938538,52.90204495944039,7.128225841020283
GUROBI,19,2,0.6002278327941895,52.90204495944041,0.031590938568115234
SCIP_CMD,19,2,3.9960851669311523,52.9020449595644,0.21032027194374486
HiGHS_CMD,19,2,4.58174991607666,52.9020449594524,0.24114473242508738
GLPK_CMD,19,2,2.5800840854644775,52.902,0.1357938992349725
COIN_CMD,19,2,50.63570713996887,52.902045,2.6650372178930986
CPLEX_PY,19,3,223.9044632911682,52.9020449594404,11.784445436377274
GUROBI,19,3,0.5773661136627197,52.902044959440396,0.03038769019277472
SCIP_CMD,19,3,3.481307029724121,52.9020449595644,0.18322668577495374
HiGHS_CMD,19,3,2.8174378871917725,52.9020449594524,0.14828620458904065
GLPK_CMD,19,3,2.9053070545196533,52.902,0.15291089760629753
COIN_CMD,19,3,23.868986129760742,52.902045,1.2562624278821444
CPLEX_PY,19,4,122.75913906097412,52.90204495944039,6.461007318998638
GUROBI,19,4,0.5414228439331055,52.90204495944042,0.028495939154373973
SCIP_CMD,19,4,3.1821138858795166,52.9020449595644,0.16747967820418508
HiGHS_CMD,19,4,3.0832910537719727,52.9020449594524,0.16227847651431435
GLPK_CMD,19,4,2.1203060150146484,52.902,0.1115950534218236
CPLEX_PY,19,5,53.719764947891235,52.9020449594404,2.8273560498890125
GUROBI,19,5,0.506638765335083,52.902044959440396,0.026665198175530685
SCIP_CMD,19,5,3.7043159008026123,52.9020449595644,0.19496399477908485
HiGHS_CMD,19,5,3.292964220046997,52.9020449594525,0.17331390631826302
GLPK_CMD,19,5,2.6429970264434814,52.902,0.13910510665492007
COIN_CMD,19,5,32.450401067733765,52.902045,1.7079158456701982
CPLEX_PY,19,6,116.22354698181152,52.902044959440396,6.117028788516396
GUROBI,19,6,0.5517678260803223,52.9020449594404,0.02904041189896433
SCIP_CMD,19,6,3.0924313068389893,52.9020449595644,0.16275954246520996
HiGHS_CMD,19,6,3.3035690784454346,52.9020449594524,0.17387205676028603
GLPK_CMD,19,6,2.5423009395599365,52.902,0.13380531260841771
COIN_CMD,19,6,23.723955154418945,52.902045,1.2486292186536287
CPLEX_PY,19,7,94.969398021698,52.9020449594404,4.998389369563053
GUROBI,19,7,0.486220121383667,52.90204495944039,0.025590532704403524
SCIP_CMD,19,7,3.1036388874053955,52.9020449595644,0.16334941512659976
HiGHS_CMD,19,7,3.016618013381958,52.9020449594524,0.1587693691253662
GLPK_CMD,19,7,2.240785837173462,52.902,0.1179360966933401
CPLEX_PY,19,8,81.10873579978943,52.90204495944041,4.268880831567865
GUROBI,19,8,0.5953338146209717,52.9020449594404,0.031333358664261665
SCIP_CMD,19,8,4.216837167739868,52.9020449595644,0.2219387983020983
HiGHS_CMD,19,8,3.8995938301086426,52.9020449594524,0.20524178053203382
GLPK_CMD,19,8,3.0812931060791016,52.902,0.1621733213725843
COIN_CMD,19,8,16.991811990737915,52.902045,0.8943058942493639
CPLEX_PY,19,9,113.67269825935364,52.902044959440424,5.98277359259756
GUROBI,19,9,0.6005151271820068,52.902044959440396,0.03160605932536878
SCIP_CMD,19,9,3.994036912918091,52.9020449595644,0.21021246910095215
HiGHS_CMD,19,9,3.882763147354126,52.9020449594524,0.20435595512390137
GLPK_CMD,19,9,2.7798101902008057,52.902,0.14630579948425293
CPLEX_PY,20,0,30.12238597869873,52.902044959440396,1.5061192989349366
GUROBI,20,0,0.5888309478759766,52.9020449594404,0.02944154739379883
SCIP_CMD,20,0,3.913033962249756,52.9020449595644,0.19565169811248778
HiGHS_CMD,20,0,3.046109199523926,52.9020449594524,0.1523054599761963
GLPK_CMD,20,0,3.2727832794189453,52.902,0.16363916397094727
COIN_CMD,20,0,21.788230895996094,52.902045,1.0894115447998047
CPLEX_PY,20,1,201.02830696105957,52.902044959440396,10.051415348052979
GUROBI,20,1,0.6456429958343506,52.9020449594404,0.03228214979171753
SCIP_CMD,20,1,4.71747899055481,52.9020449595644,0.2358739495277405
HiGHS_CMD,20,1,3.876601219177246,52.9020449594524,0.1938300609588623
GLPK_CMD,20,1,3.112689971923828,52.902,0.1556344985961914
COIN_CMD,20,1,72.75576066970825,52.902045,3.6377880334854127
CPLEX_PY,20,2,120.68150210380554,52.9020449594404,6.0340751051902775
GUROBI,20,2,0.5959639549255371,52.90204495944039,0.029798197746276855
SCIP_CMD,20,2,4.2267162799835205,52.9020449595644,0.21133581399917603
HiGHS_CMD,20,2,2.5391271114349365,52.9020449594524,0.12695635557174684
GLPK_CMD,20,2,3.225687026977539,52.902,0.16128435134887695
COIN_CMD,20,2,15.291807889938354,52.902045,0.7645903944969177
CPLEX_PY,20,3,202.8078498840332,52.90204495944044,10.14039249420166
GUROBI,20,3,0.6172440052032471,52.902044959440396,0.030862200260162353
SCIP_CMD,20,3,4.742927074432373,52.9020449595644,0.23714635372161866
HiGHS_CMD,20,3,4.91204571723938,52.9020449594524,0.245602285861969
GLPK_CMD,20,3,2.9554970264434814,52.902,0.14777485132217408
COIN_CMD,20,3,25.105191946029663,52.902045,1.255259597301483
CPLEX_PY,20,4,71.08432507514954,52.90204495944039,3.5542162537574766
GUROBI,20,4,0.5615408420562744,52.9020449594404,0.02807704210281372
SCIP_CMD,20,4,4.632500886917114,52.9020449595644,0.2316250443458557
HiGHS_CMD,20,4,4.502048015594482,52.9020449594524,0.22510240077972413
GLPK_CMD,20,4,2.654874801635742,52.902,0.1327437400817871
COIN_CMD,20,4,11.686464071273804,52.902045,0.5843232035636902
CPLEX_PY,20,5,78.99036622047424,52.902044959440396,3.949518311023712
GUROBI,20,5,0.5517699718475342,52.9020449594404,0.02758849859237671
SCIP_CMD,20,5,3.5123939514160156,52.9020449595644,0.1756196975708008
HiGHS_CMD,20,5,3.3062429428100586,52.9020449594524,0.16531214714050294
GLPK_CMD,20,5,2.6025421619415283,52.902,0.13012710809707642
CPLEX_PY,20,6,180.75350689888,52.902044959440396,9.037675344944
GUROBI,20,6,0.5510108470916748,52.90204495944039,0.02755054235458374
SCIP_CMD,20,6,3.5166778564453125,52.9020449595644,0.17583389282226564
HiGHS_CMD,20,6,3.5742099285125732,52.9020449594524,0.17871049642562867
GLPK_CMD,20,6,2.959665298461914,52.902,0.14798326492309571
CPLEX_PY,20,7,132.2249972820282,52.90204495944041,6.61124986410141
GUROBI,20,7,0.5767202377319336,52.902044959440396,0.02883601188659668
SCIP_CMD,20,7,3.5921826362609863,52.9020449595644,0.17960913181304933
HiGHS_CMD,20,7,3.128277063369751,52.9020449594524,0.15641385316848755
GLPK_CMD,20,7,2.8526740074157715,52.902,0.14263370037078857
COIN_CMD,20,7,17.75508975982666,52.902045,0.887754487991333
CPLEX_PY,20,8,114.65846991539001,52.9020449594404,5.7329234957695006
GUROBI,20,8,0.6044480800628662,52.90204495944039,0.03022240400314331
SCIP_CMD,20,8,3.7121388912200928,52.9020449595644,0.18560694456100463
HiGHS_CMD,20,8,4.566503047943115,52.9020449594524,0.22832515239715576
GLPK_CMD,20,8,2.483588695526123,52.902,0.12417943477630615
COIN_CMD,20,8,33.320154905319214,52.902045,1.6660077452659607
CPLEX_PY,20,9,69.72312498092651,52.9020449594404,3.4861562490463256
GUROBI,20,9,0.6178791522979736,52.9020449594404,0.03089395761489868
SCIP_CMD,20,9,3.666896104812622,52.9020449595644,0.1833448052406311
HiGHS_CMD,20,9,3.4376182556152344,52.9020449594524,0.17188091278076173
GLPK_CMD,20,9,2.8690741062164307,52.902,0.14345370531082152
COIN_CMD,20,9,34.952070236206055,52.902045,1.7476035118103028
