interface,lp_method,size,rep,time,value
CPLEX_PY,primal,1,0,0.050518035888671875,41.41023583895809
CPLEX_PY,dual,1,0,0.04252791404724121,41.41023583895809
CPLEX_PY,barrier,1,0,0.04317212104797363,41.41023583895809
GUROBI,primal,1,0,0.030072927474975586,41.41023583895805
GUROBI,dual,1,0,0.0267031192779541,41.410235838958116
GUROBI,barrier,1,0,0.03419685363769531,41.4102358389581
HiGHS_CMD,primal,1,0,0.0945279598236084,41.4102358389423
HiGHS_CMD,dual,1,0,0.06576895713806152,41.4102358389423
HiGHS_CMD,barrier,1,0,0.0852351188659668,41.4102358389423
GLPK_CMD,primal,1,0,0.06708908081054688,41.4102
GLPK_CMD,dual,1,0,0.08404374122619629,41.4102
COIN_CMD,primal,1,0,0.1083841323852539,41.410236
COIN_CMD,dual,1,0,0.06933403015136719,41.410238
COIN_CMD,barrier,1,0,0.08875703811645508,41.410236
CPLEX_PY,primal,1,1,0.06051921844482422,22.949125640200933
CPLEX_PY,dual,1,1,0.05113506317138672,22.949125640200933
CPLEX_PY,barrier,1,1,0.05076408386230469,22.949125640200933
GUROBI,primal,1,1,0.033151865005493164,22.94912564020092
GUROBI,dual,1,1,0.03401589393615723,22.949125640200922
GUROBI,barrier,1,1,0.040601253509521484,22.949125640200922
HiGHS_CMD,primal,1,1,0.10856103897094727,22.9491256402014
HiGHS_CMD,dual,1,1,0.07886695861816406,22.9491256402014
HiGHS_CMD,barrier,1,1,0.10100007057189941,22.9491256402014
GLPK_CMD,primal,1,1,0.0738530158996582,22.9491
GLPK_CMD,dual,1,1,0.11136102676391602,22.9491
COIN_CMD,primal,1,1,0.0793149471282959,22.949126
COIN_CMD,dual,1,1,0.08590912818908691,22.949126
COIN_CMD,barrier,1,1,0.09233903884887695,22.949126
CPLEX_PY,primal,1,2,0.04561185836791992,47.124481730562735
CPLEX_PY,dual,1,2,0.04401683807373047,47.124481730562735
CPLEX_PY,barrier,1,2,0.04384207725524902,47.124481730562735
GUROBI,primal,1,2,0.026913166046142578,47.12448173056288
GUROBI,dual,1,2,0.026105165481567383,47.12448173056287
GUROBI,barrier,1,2,0.03334784507751465,47.124481730563396
HiGHS_CMD,primal,1,2,0.07002973556518555,47.1244817305455
HiGHS_CMD,dual,1,2,0.06373715400695801,47.1244817305456
HiGHS_CMD,barrier,1,2,0.08399796485900879,47.1244817305455
GLPK_CMD,primal,1,2,0.06414508819580078,47.1245
GLPK_CMD,dual,1,2,0.0665738582611084,47.1245
COIN_CMD,primal,1,2,0.06814384460449219,47.124482
COIN_CMD,dual,1,2,0.07561016082763672,47.124482
COIN_CMD,barrier,1,2,0.07640576362609863,47.124482
CPLEX_PY,primal,1,3,0.04507803916931152,7.784935143051337
CPLEX_PY,dual,1,3,0.04464387893676758,7.784935143051337
CPLEX_PY,barrier,1,3,0.04416179656982422,7.784935143051337
GUROBI,primal,1,3,0.02892279624938965,7.784935143051402
GUROBI,dual,1,3,0.029362916946411133,7.7849351430513805
GUROBI,barrier,1,3,0.07886123657226562,7.784935143051398
HiGHS_CMD,primal,1,3,0.07829904556274414,7.7849351430491
HiGHS_CMD,dual,1,3,0.07143402099609375,7.7849351430491
HiGHS_CMD,barrier,1,3,0.08092999458312988,7.784935143049
GLPK_CMD,primal,1,3,0.06381797790527344,7.78494
GLPK_CMD,dual,1,3,0.08614802360534668,7.78494
COIN_CMD,primal,1,3,0.06702589988708496,7.7849351
COIN_CMD,dual,1,3,0.07818293571472168,7.7849365
COIN_CMD,barrier,1,3,0.08466625213623047,7.7849351
CPLEX_PY,primal,1,4,0.041294097900390625,33.52990546305396
CPLEX_PY,dual,1,4,0.04065990447998047,33.52990546305396
CPLEX_PY,barrier,1,4,0.04018878936767578,33.52990546305396
GUROBI,primal,1,4,0.025649070739746094,33.529905463053986
GUROBI,dual,1,4,0.026025056838989258,33.529905463054774
GUROBI,barrier,1,4,0.032160043716430664,33.529905463053915
HiGHS_CMD,primal,1,4,0.06764698028564453,33.5299054629423
HiGHS_CMD,dual,1,4,0.06410026550292969,33.5299054629421
HiGHS_CMD,barrier,1,4,0.07399916648864746,33.5299054629422
GLPK_CMD,primal,1,4,0.061054229736328125,33.5299
GLPK_CMD,dual,1,4,0.08387112617492676,33.5299
COIN_CMD,primal,1,4,0.0666511058807373,33.529905
COIN_CMD,dual,1,4,0.07238888740539551,33.529905
COIN_CMD,barrier,1,4,0.07892107963562012,33.529905
CPLEX_PY,primal,1,5,0.03752899169921875,3.925064236491815
CPLEX_PY,dual,1,5,0.0366971492767334,3.925064236491815
CPLEX_PY,barrier,1,5,0.03625893592834473,3.925064236491815
GUROBI,primal,1,5,0.0250246524810791,3.925064236491811
GUROBI,dual,1,5,0.023969173431396484,3.92506423649181
GUROBI,barrier,1,5,0.03218483924865723,3.925064236491814
HiGHS_CMD,primal,1,5,0.06510782241821289,3.9250642364913
HiGHS_CMD,dual,1,5,0.059542179107666016,3.9250642364913
HiGHS_CMD,barrier,1,5,0.06768488883972168,3.9250642364913
GLPK_CMD,primal,1,5,0.05477285385131836,3.92506
GLPK_CMD,dual,1,5,0.054579973220825195,3.92506
COIN_CMD,primal,1,5,0.06950807571411133,3.9250642
COIN_CMD,dual,1,5,0.06843996047973633,3.9250642
COIN_CMD,barrier,1,5,0.07373595237731934,3.9250642
CPLEX_PY,primal,1,6,0.049249887466430664,12.091319747500984
CPLEX_PY,dual,1,6,0.04842185974121094,12.091319747500984
CPLEX_PY,barrier,1,6,0.048297882080078125,12.091319747500984
GUROBI,primal,1,6,0.02851104736328125,12.091319747501018
GUROBI,dual,1,6,0.029053926467895508,12.091319747501004
GUROBI,barrier,1,6,0.03677797317504883,12.091319747500998
HiGHS_CMD,primal,1,6,0.0771188735961914,12.0913197474986
HiGHS_CMD,dual,1,6,0.07036280632019043,12.0913197474986
HiGHS_CMD,barrier,1,6,0.08060908317565918,12.0913197474986
GLPK_CMD,primal,1,6,0.0656120777130127,12.0913
GLPK_CMD,dual,1,6,0.09126114845275879,12.0913
COIN_CMD,primal,1,6,0.07309913635253906,12.09132
COIN_CMD,dual,1,6,0.07712411880493164,12.09132
COIN_CMD,barrier,1,6,0.08438611030578613,12.09132
CPLEX_PY,primal,1,7,0.049391984939575195,2.4443053053078643
CPLEX_PY,dual,1,7,0.048069000244140625,2.4443053053078643
CPLEX_PY,barrier,1,7,0.046853065490722656,2.4443053053078643
GUROBI,primal,1,7,0.029330968856811523,2.44430530530786
GUROBI,dual,1,7,0.02945685386657715,2.4443053053078754
GUROBI,barrier,1,7,0.04323101043701172,2.4443053053078607
HiGHS_CMD,primal,1,7,0.07702779769897461,2.4443053053075
HiGHS_CMD,dual,1,7,0.0708322525024414,2.4443053053075
HiGHS_CMD,barrier,1,7,0.07813692092895508,2.4443053053075
GLPK_CMD,primal,1,7,0.06539225578308105,2.44431
GLPK_CMD,dual,1,7,0.07586097717285156,2.44431
COIN_CMD,primal,1,7,0.07168388366699219,2.4443053
COIN_CMD,dual,1,7,0.0791630744934082,2.4443053
COIN_CMD,barrier,1,7,0.08497381210327148,2.4443053
CPLEX_PY,primal,1,8,0.0328068733215332,0.6054133521985031
CPLEX_PY,dual,1,8,0.03126716613769531,0.6054133521985031
CPLEX_PY,barrier,1,8,0.03187298774719238,0.6054133521985031
GUROBI,primal,1,8,0.021044015884399414,0.6054133521985052
GUROBI,dual,1,8,0.020911216735839844,0.6054133521985051
GUROBI,barrier,1,8,0.025650739669799805,0.6054133521985037
HiGHS_CMD,primal,1,8,0.05566811561584473,0.6054133521983
HiGHS_CMD,dual,1,8,0.054939985275268555,0.6054133521983
HiGHS_CMD,barrier,1,8,0.062203168869018555,0.6054133521983
GLPK_CMD,primal,1,8,0.05110597610473633,0.605413
GLPK_CMD,dual,1,8,0.062300920486450195,0.605413
COIN_CMD,primal,1,8,0.06099390983581543,0.60541335
COIN_CMD,dual,1,8,0.060545921325683594,0.60541335
COIN_CMD,barrier,1,8,0.07149314880371094,0.60541335
CPLEX_PY,primal,1,9,0.05260181427001953,9.378649548436378
CPLEX_PY,dual,1,9,0.050583839416503906,9.378649548436378
CPLEX_PY,barrier,1,9,0.050161123275756836,9.378649548436378
GUROBI,primal,1,9,0.030935049057006836,9.378649548436377
GUROBI,dual,1,9,0.09776592254638672,9.378649548436377
GUROBI,barrier,1,9,0.04527688026428223,9.378649548436377
HiGHS_CMD,primal,1,9,0.07886219024658203,9.3786495484361
HiGHS_CMD,dual,1,9,0.07516813278198242,9.3786495484361
HiGHS_CMD,barrier,1,9,0.08674383163452148,9.3786495484361
GLPK_CMD,primal,1,9,0.06990480422973633,9.37865
GLPK_CMD,dual,1,9,0.11417078971862793,9.37865
COIN_CMD,primal,1,9,0.07382893562316895,9.3786495
COIN_CMD,dual,1,9,0.08162188529968262,9.3786495
COIN_CMD,barrier,1,9,0.0891721248626709,9.3786495
CPLEX_PY,primal,2,0,0.08302998542785645,17.066889267756935
CPLEX_PY,dual,2,0,0.08318805694580078,17.066889267756935
CPLEX_PY,barrier,2,0,0.08071517944335938,17.066889267756935
GUROBI,primal,2,0,0.047991037368774414,17.06688926775695
GUROBI,dual,2,0,0.050314903259277344,17.066889267756935
GUROBI,barrier,2,0,0.06135678291320801,17.06688926775697
HiGHS_CMD,primal,2,0,0.1365659236907959,17.0668892677615
HiGHS_CMD,dual,2,0,0.11433029174804688,17.0668892677615
HiGHS_CMD,barrier,2,0,0.12978816032409668,17.0668892677614
GLPK_CMD,primal,2,0,0.10938596725463867,17.0669
GLPK_CMD,dual,2,0,0.1801011562347412,17.0669
COIN_CMD,primal,2,0,0.10135078430175781,17.066889
COIN_CMD,dual,2,0,0.13826203346252441,17.066887
COIN_CMD,barrier,2,0,0.14262604713439941,17.066889
CPLEX_PY,primal,2,1,0.06685090065002441,4.409013346178857
CPLEX_PY,dual,2,1,0.06661105155944824,4.409013346178857
CPLEX_PY,barrier,2,1,0.06577301025390625,4.409013346178857
GUROBI,primal,2,1,0.04078102111816406,4.40901334617886
GUROBI,dual,2,1,0.04248189926147461,4.409013346178865
GUROBI,barrier,2,1,0.049833059310913086,4.409013346178857
HiGHS_CMD,primal,2,1,0.10834312438964844,4.4090133461781
HiGHS_CMD,dual,2,1,0.09810185432434082,4.4090133461781
HiGHS_CMD,barrier,2,1,0.10833406448364258,4.4090133461781
GLPK_CMD,primal,2,1,0.08643722534179688,4.40901
GLPK_CMD,dual,2,1,0.1330399513244629,4.40901
COIN_CMD,primal,2,1,0.08371090888977051,4.4090133
COIN_CMD,dual,2,1,0.09297585487365723,4.4090133
COIN_CMD,barrier,2,1,0.13924884796142578,4.4090133
CPLEX_PY,primal,2,2,0.0679619312286377,1.8849180323843489
CPLEX_PY,dual,2,2,0.06747221946716309,1.8849180323843489
CPLEX_PY,barrier,2,2,0.0678861141204834,1.8849180323843489
GUROBI,primal,2,2,0.15105009078979492,1.8849180323843464
GUROBI,dual,2,2,0.06372475624084473,1.88491803238429
GUROBI,barrier,2,2,0.0820310115814209,1.884918032384348
HiGHS_CMD,primal,2,2,0.12964081764221191,1.8849180323839
HiGHS_CMD,dual,2,2,0.11448073387145996,1.8849180323839
HiGHS_CMD,barrier,2,2,0.12929201126098633,1.8849180323839
GLPK_CMD,primal,2,2,0.09394598007202148,1.88492
GLPK_CMD,dual,2,2,0.13831305503845215,1.88492
COIN_CMD,primal,2,2,0.08871603012084961,1.884918
COIN_CMD,dual,2,2,0.0965421199798584,1.884918
COIN_CMD,barrier,2,2,0.13431906700134277,1.884918
CPLEX_PY,primal,2,3,0.08755087852478027,14.88296542081208
CPLEX_PY,dual,2,3,0.08675408363342285,14.88296542081208
CPLEX_PY,barrier,2,3,0.08688879013061523,14.88296542081208
GUROBI,primal,2,3,0.05225801467895508,14.882965420812045
GUROBI,dual,2,3,0.05449175834655762,14.882965420812042
GUROBI,barrier,2,3,0.07505917549133301,14.882965420812049
HiGHS_CMD,primal,2,3,0.13636517524719238,14.8829654208103
HiGHS_CMD,dual,2,3,0.128371000289917,14.8829654208103
HiGHS_CMD,barrier,2,3,0.16388392448425293,14.8829654208103
GLPK_CMD,primal,2,3,0.1361408233642578,14.883
GLPK_CMD,dual,2,3,0.21106195449829102,14.883
COIN_CMD,primal,2,3,0.11002111434936523,14.882965
COIN_CMD,dual,2,3,0.133195161819458,14.882965
COIN_CMD,barrier,2,3,0.19000697135925293,14.882965
CPLEX_PY,primal,2,4,0.09514427185058594,28.116478294952877
CPLEX_PY,dual,2,4,0.09430313110351562,28.116478294952877
CPLEX_PY,barrier,2,4,0.0920109748840332,28.116478294952877
GUROBI,primal,2,4,0.05946230888366699,28.116478294952927
GUROBI,dual,2,4,0.06230497360229492,28.11647829495304
GUROBI,barrier,2,4,0.18078994750976562,28.116478294952962
HiGHS_CMD,primal,2,4,0.17227602005004883,28.1164782949433
HiGHS_CMD,dual,2,4,0.1404249668121338,28.1164782949432
HiGHS_CMD,barrier,2,4,0.15167498588562012,28.1164782949432
GLPK_CMD,primal,2,4,0.13648009300231934,28.1165
GLPK_CMD,dual,2,4,0.27965617179870605,28.1165
COIN_CMD,primal,2,4,0.12150192260742188,28.116478
COIN_CMD,dual,2,4,0.1877608299255371,28.116478
COIN_CMD,barrier,2,4,0.15401530265808105,28.116478
CPLEX_PY,primal,2,5,0.18813419342041016,8.116001440651889
CPLEX_PY,dual,2,5,0.15026187896728516,8.116001440651889
CPLEX_PY,barrier,2,5,0.1528627872467041,8.116001440651889
GUROBI,primal,2,5,0.06537818908691406,8.116001440651896
GUROBI,dual,2,5,0.06793093681335449,8.116001440651873
GUROBI,barrier,2,5,0.10087990760803223,8.116001440651887
HiGHS_CMD,primal,2,5,0.16632604598999023,8.1160014406499
HiGHS_CMD,dual,2,5,0.12885308265686035,8.1160014406499
HiGHS_CMD,barrier,2,5,0.1568279266357422,8.1160014406499
GLPK_CMD,primal,2,5,0.12654995918273926,8.116
GLPK_CMD,dual,2,5,0.2443828582763672,8.116
COIN_CMD,primal,2,5,0.1159522533416748,8.1160014
COIN_CMD,dual,2,5,0.1588270664215088,8.115978
COIN_CMD,barrier,2,5,0.19765472412109375,8.1160014
CPLEX_PY,primal,2,6,0.1095418930053711,17.797867190768322
CPLEX_PY,dual,2,6,0.10797715187072754,17.797867190768322
CPLEX_PY,barrier,2,6,0.10718703269958496,17.797867190768322
GUROBI,primal,2,6,0.06217217445373535,17.797867190768326
GUROBI,dual,2,6,0.06594514846801758,17.797867190768375
GUROBI,barrier,2,6,0.08478593826293945,17.79786719076836
HiGHS_CMD,primal,2,6,0.17658400535583496,17.7978671907655
HiGHS_CMD,dual,2,6,0.14704203605651855,17.7978671907655
HiGHS_CMD,barrier,2,6,0.17270183563232422,17.7978671907655
GLPK_CMD,primal,2,6,0.15000414848327637,17.7979
GLPK_CMD,dual,2,6,0.3494389057159424,17.7979
COIN_CMD,primal,2,6,0.1383991241455078,17.797867
COIN_CMD,dual,2,6,0.16290688514709473,17.797866
COIN_CMD,barrier,2,6,0.19725394248962402,17.797867
CPLEX_PY,primal,2,7,0.12105703353881836,52.902044959440396
CPLEX_PY,dual,2,7,0.11981701850891113,52.902044959440396
CPLEX_PY,barrier,2,7,0.11874508857727051,52.902044959440396
GUROBI,primal,2,7,0.07127094268798828,52.9020449594404
GUROBI,dual,2,7,0.17450499534606934,52.902044959440396
GUROBI,barrier,2,7,0.12199211120605469,52.9020449594404
HiGHS_CMD,primal,2,7,0.19031810760498047,52.9020449594524
HiGHS_CMD,dual,2,7,0.17992186546325684,52.9020449594524
HiGHS_CMD,barrier,2,7,0.19246387481689453,52.9020449594532
GLPK_CMD,primal,2,7,0.16359710693359375,52.902
GLPK_CMD,dual,2,7,0.4376862049102783,52.902
COIN_CMD,primal,2,7,0.13529491424560547,52.902045
COIN_CMD,dual,2,7,0.44230008125305176,52.902045
COIN_CMD,barrier,2,7,0.2413637638092041,52.902045
CPLEX_PY,primal,2,8,0.10201287269592285,52.902044959440396
CPLEX_PY,dual,2,8,0.10803389549255371,52.902044959440396
CPLEX_PY,barrier,2,8,0.10061883926391602,52.902044959440396
GUROBI,primal,2,8,0.06517887115478516,52.9020449594404
GUROBI,dual,2,8,0.06512689590454102,52.9020449594404
GUROBI,barrier,2,8,0.1010289192199707,52.902044959440396
HiGHS_CMD,primal,2,8,0.17423772811889648,52.9020449594524
HiGHS_CMD,dual,2,8,0.1490488052368164,52.9020449594524
HiGHS_CMD,barrier,2,8,0.17327618598937988,52.9020449594525
GLPK_CMD,primal,2,8,0.1392519474029541,52.902
GLPK_CMD,dual,2,8,0.2901041507720947,52.902
COIN_CMD,primal,2,8,0.12045979499816895,52.902045
COIN_CMD,dual,2,8,0.18060994148254395,52.902045
COIN_CMD,barrier,2,8,0.1791689395904541,52.902045
CPLEX_PY,primal,2,9,0.09987497329711914,52.902044959440396
CPLEX_PY,dual,2,9,0.0998678207397461,52.902044959440396
CPLEX_PY,barrier,2,9,0.09818577766418457,52.902044959440396
GUROBI,primal,2,9,0.059623003005981445,52.902044959440396
GUROBI,dual,2,9,0.06190085411071777,52.902044959440396
GUROBI,barrier,2,9,0.07822990417480469,52.90204495944039
HiGHS_CMD,primal,2,9,0.15411996841430664,52.9020449594524
HiGHS_CMD,dual,2,9,0.14805912971496582,52.9020449594524
HiGHS_CMD,barrier,2,9,0.1685960292816162,52.9020449594524
GLPK_CMD,primal,2,9,0.12841391563415527,52.902
GLPK_CMD,dual,2,9,0.292590856552124,52.902
COIN_CMD,primal,2,9,0.11678814888000488,52.902045
COIN_CMD,dual,2,9,0.17481088638305664,52.902045
COIN_CMD,barrier,2,9,0.28971385955810547,52.902045
CPLEX_PY,primal,3,0,0.1497821807861328,24.765816627428293
CPLEX_PY,dual,3,0,0.14865994453430176,24.765816627428293
CPLEX_PY,barrier,3,0,0.14671897888183594,24.765816627428293
GUROBI,primal,3,0,0.08823800086975098,24.76581780989246
GUROBI,dual,3,0,0.09579205513000488,24.76581780989246
GUROBI,barrier,3,0,0.1315600872039795,24.765817809892063
HiGHS_CMD,primal,3,0,0.2681090831756592,24.7658178098872
HiGHS_CMD,dual,3,0,0.20555686950683594,24.7658178098872
HiGHS_CMD,barrier,3,0,0.22858428955078125,24.7658178098872
GLPK_CMD,primal,3,0,0.20273089408874512,24.7658
GLPK_CMD,dual,3,0,0.5657010078430176,24.7658
COIN_CMD,primal,3,0,0.16271090507507324,24.765818
COIN_CMD,dual,3,0,0.24636602401733398,24.76582
COIN_CMD,barrier,3,0,0.40596985816955566,24.765818
CPLEX_PY,primal,3,1,0.14705801010131836,52.902044959440396
CPLEX_PY,dual,3,1,0.1471271514892578,52.902044959440396
CPLEX_PY,barrier,3,1,0.14501142501831055,52.902044959440396
GUROBI,primal,3,1,0.0867919921875,52.902044959440396
GUROBI,dual,3,1,0.08932709693908691,52.9020449594404
GUROBI,barrier,3,1,0.12904715538024902,52.9020449594404
HiGHS_CMD,primal,3,1,0.2451491355895996,52.9020449594524
HiGHS_CMD,dual,3,1,0.21791410446166992,52.9020449594524
HiGHS_CMD,barrier,3,1,0.24712204933166504,52.9020449594524
GLPK_CMD,primal,3,1,0.20797395706176758,52.902
GLPK_CMD,dual,3,1,0.6221272945404053,52.902
COIN_CMD,primal,3,1,0.16624021530151367,52.902045
COIN_CMD,dual,3,1,0.2265918254852295,52.902045
COIN_CMD,barrier,3,1,0.34332895278930664,52.902045
CPLEX_PY,primal,3,2,0.13548588752746582,52.902044959440396
CPLEX_PY,dual,3,2,0.12456488609313965,52.902044959440396
CPLEX_PY,barrier,3,2,0.12349319458007812,52.902044959440396
GUROBI,primal,3,2,0.07958197593688965,52.9020449594404
GUROBI,dual,3,2,0.0788569450378418,52.902044959440396
GUROBI,barrier,3,2,0.10691404342651367,52.9020449594404
HiGHS_CMD,primal,3,2,0.2157580852508545,52.9020449594524
HiGHS_CMD,dual,3,2,0.1991407871246338,52.9020449594524
HiGHS_CMD,barrier,3,2,0.21414685249328613,52.9020449594524
GLPK_CMD,primal,3,2,0.19649219512939453,52.902
GLPK_CMD,dual,3,2,0.4677729606628418,52.902
COIN_CMD,primal,3,2,0.14661812782287598,52.902045
COIN_CMD,dual,3,2,0.20322799682617188,52.902045
COIN_CMD,barrier,3,2,0.44038820266723633,52.902045
CPLEX_PY,primal,3,3,0.15311527252197266,52.902044959440396
CPLEX_PY,dual,3,3,0.155256986618042,52.902044959440396
CPLEX_PY,barrier,3,3,0.15575075149536133,52.902044959440396
GUROBI,primal,3,3,0.0928189754486084,52.9020449594404
GUROBI,dual,3,3,0.0887000560760498,52.902044959440396
GUROBI,barrier,3,3,0.18677496910095215,52.902044959440396
HiGHS_CMD,primal,3,3,0.3050370216369629,52.9020449594524
HiGHS_CMD,dual,3,3,0.2312169075012207,52.9020449594524
HiGHS_CMD,barrier,3,3,0.24649977684020996,52.9020449594524
GLPK_CMD,primal,3,3,0.20775699615478516,52.902
GLPK_CMD,dual,3,3,0.6430511474609375,52.902
COIN_CMD,primal,3,3,0.16446805000305176,52.902045
COIN_CMD,dual,3,3,0.3302772045135498,52.902045
COIN_CMD,barrier,3,3,0.8980638980865479,52.902045
CPLEX_PY,primal,3,4,0.11798286437988281,52.90204495944039
CPLEX_PY,dual,3,4,0.11743521690368652,52.90204495944039
CPLEX_PY,barrier,3,4,0.1157379150390625,52.90204495944039
GUROBI,primal,3,4,0.07352900505065918,52.9020449594404
GUROBI,dual,3,4,0.0731511116027832,52.902044959440396
GUROBI,barrier,3,4,0.10739707946777344,52.9020449594404
HiGHS_CMD,primal,3,4,0.2086336612701416,52.9020449594524
HiGHS_CMD,dual,3,4,0.1739966869354248,52.9020449594524
HiGHS_CMD,barrier,3,4,0.20453810691833496,52.9020449594524
GLPK_CMD,primal,3,4,0.1652517318725586,52.902
GLPK_CMD,dual,3,4,0.3914058208465576,52.902
COIN_CMD,primal,3,4,0.14139199256896973,52.902045
COIN_CMD,dual,3,4,0.3049910068511963,52.902045
COIN_CMD,barrier,3,4,0.2476208209991455,52.902045
CPLEX_PY,primal,3,5,0.14014720916748047,23.794551280744866
CPLEX_PY,dual,3,5,0.1399548053741455,23.794551280744866
CPLEX_PY,barrier,3,5,0.13779282569885254,23.794551280744866
GUROBI,primal,3,5,0.08501935005187988,23.794551280744948
GUROBI,dual,3,5,0.08826303482055664,23.794551280744578
GUROBI,barrier,3,5,0.11505365371704102,23.794551280744884
HiGHS_CMD,primal,3,5,0.24066400527954102,23.7945512807427
HiGHS_CMD,dual,3,5,0.1985001564025879,23.7945512807427
HiGHS_CMD,barrier,3,5,0.21944069862365723,23.7945512807426
GLPK_CMD,primal,3,5,0.2004239559173584,23.7946
GLPK_CMD,dual,3,5,0.528350830078125,23.7946
COIN_CMD,primal,3,5,0.16940689086914062,23.794551
COIN_CMD,dual,3,5,0.22988486289978027,23.794552
COIN_CMD,barrier,3,5,0.25412511825561523,23.794551
CPLEX_PY,primal,3,6,0.14240384101867676,21.879796404705374
CPLEX_PY,dual,3,6,0.14118409156799316,21.879796404705374
CPLEX_PY,barrier,3,6,0.14016509056091309,21.879796404705374
GUROBI,primal,3,6,0.08929586410522461,21.87979640470538
GUROBI,dual,3,6,0.08902406692504883,21.87979640470536
GUROBI,barrier,3,6,0.13355684280395508,21.87979640470539
HiGHS_CMD,primal,3,6,0.2484133243560791,21.879796404703
HiGHS_CMD,dual,3,6,0.19096803665161133,21.879796404703
HiGHS_CMD,barrier,3,6,0.22721219062805176,21.8797964047031
GLPK_CMD,primal,3,6,0.20521211624145508,21.8798
GLPK_CMD,dual,3,6,0.5992729663848877,21.8798
COIN_CMD,primal,3,6,0.15966796875,21.879796
COIN_CMD,dual,3,6,0.26765012741088867,21.879723
COIN_CMD,barrier,3,6,0.4425058364868164,21.879796
CPLEX_PY,primal,3,7,0.08896803855895996,14.892928149908641
CPLEX_PY,dual,3,7,0.08886575698852539,14.892928149908641
CPLEX_PY,barrier,3,7,0.08777713775634766,14.892928149908641
GUROBI,primal,3,7,0.053854942321777344,14.892928149908647
GUROBI,dual,3,7,0.05515885353088379,14.892928149908641
GUROBI,barrier,3,7,0.06933403015136719,14.892928149908641
HiGHS_CMD,primal,3,7,0.13675189018249512,14.892928149909
HiGHS_CMD,dual,3,7,0.12305402755737305,14.892928149909
HiGHS_CMD,barrier,3,7,0.13648200035095215,14.892928149909
GLPK_CMD,primal,3,7,0.11241507530212402,14.8929
GLPK_CMD,dual,3,7,0.21124005317687988,14.8929
COIN_CMD,primal,3,7,0.1094350814819336,14.892928
COIN_CMD,dual,3,7,0.13170576095581055,14.892928
COIN_CMD,barrier,3,7,0.14154410362243652,14.892928
CPLEX_PY,primal,3,8,0.10372805595397949,17.393339808726992
CPLEX_PY,dual,3,8,0.10468912124633789,17.393339808726992
CPLEX_PY,barrier,3,8,0.10309314727783203,17.393339808726992
GUROBI,primal,3,8,0.06983590126037598,17.393339808726697
GUROBI,dual,3,8,0.0708780288696289,17.39333980872642
GUROBI,barrier,3,8,0.330704927444458,17.393339808727063
HiGHS_CMD,primal,3,8,0.20009112358093262,17.3933398087245
HiGHS_CMD,dual,3,8,0.15992116928100586,17.3933398087241
HiGHS_CMD,barrier,3,8,0.19323396682739258,17.3933398087244
GLPK_CMD,primal,3,8,0.17275285720825195,17.3933
GLPK_CMD,dual,3,8,0.3522758483886719,17.3933
COIN_CMD,primal,3,8,0.13564181327819824,17.39334
COIN_CMD,dual,3,8,0.17249083518981934,17.393346
COIN_CMD,barrier,3,8,0.20812320709228516,17.39334
CPLEX_PY,primal,3,9,0.15075182914733887,52.9020449594404
CPLEX_PY,dual,3,9,0.14794921875,52.9020449594404
CPLEX_PY,barrier,3,9,0.14597320556640625,52.9020449594404
GUROBI,primal,3,9,0.09259414672851562,52.9020449594404
GUROBI,dual,3,9,0.09128499031066895,52.902044959440396
GUROBI,barrier,3,9,0.32196688652038574,52.9020449594404
HiGHS_CMD,primal,3,9,0.2752389907836914,52.9020449594524
HiGHS_CMD,dual,3,9,0.23091387748718262,52.9020449594524
HiGHS_CMD,barrier,3,9,0.2510838508605957,52.9020449594524
GLPK_CMD,primal,3,9,0.20618128776550293,52.902
GLPK_CMD,dual,3,9,1.0358860492706299,52.902
COIN_CMD,primal,3,9,0.17177700996398926,52.902045
COIN_CMD,dual,3,9,0.3058512210845947,52.902045
COIN_CMD,barrier,3,9,0.6394650936126709,52.902045
CPLEX_PY,primal,4,0,0.1526181697845459,9.945401216099375
CPLEX_PY,dual,4,0,0.1501762866973877,9.945401216099375
CPLEX_PY,barrier,4,0,0.1492938995361328,9.945401216099375
GUROBI,primal,4,0,0.0976872444152832,9.945401216099764
GUROBI,dual,4,0,0.09464716911315918,9.945401216099624
GUROBI,barrier,4,0,0.12874293327331543,9.945401216099663
HiGHS_CMD,primal,4,0,0.3047769069671631,9.9454012160903
HiGHS_CMD,dual,4,0,0.23253822326660156,9.9454012160903
HiGHS_CMD,barrier,4,0,0.26282382011413574,9.9454012160903
GLPK_CMD,primal,4,0,0.23342323303222656,9.9454
GLPK_CMD,dual,4,0,0.6720139980316162,9.9454
COIN_CMD,primal,4,0,0.17551803588867188,9.9454012
COIN_CMD,dual,4,0,0.46573519706726074,9.8980721
COIN_CMD,barrier,4,0,0.3812887668609619,9.9454012
CPLEX_PY,primal,4,1,0.32730913162231445,52.90204495944041
CPLEX_PY,dual,4,1,0.6744730472564697,52.90204495944041
CPLEX_PY,barrier,4,1,0.935744047164917,52.90204495944041
GUROBI,primal,4,1,0.13579988479614258,52.902044959440396
GUROBI,dual,4,1,0.13150501251220703,52.9020449594404
GUROBI,barrier,4,1,0.40348291397094727,52.902044959440445
HiGHS_CMD,primal,4,1,0.45833897590637207,52.9020449594524
HiGHS_CMD,dual,4,1,0.3781251907348633,52.9020449594524
HiGHS_CMD,barrier,4,1,0.3639960289001465,52.9020449594524
GLPK_CMD,primal,4,1,0.33302903175354004,52.902
GLPK_CMD,dual,4,1,2.087048053741455,52.902
COIN_CMD,primal,4,1,0.27973103523254395,52.902045
COIN_CMD,dual,4,1,0.7409632205963135,52.902045
COIN_CMD,barrier,4,1,0.9637100696563721,52.902045
CPLEX_PY,primal,4,2,0.22312498092651367,17.21205015918718
CPLEX_PY,dual,4,2,0.22240114212036133,17.21205015918718
CPLEX_PY,barrier,4,2,0.22189116477966309,17.21205015918718
GUROBI,primal,4,2,0.12430381774902344,17.21205015918695
GUROBI,dual,4,2,0.13195395469665527,17.21205015918682
GUROBI,barrier,4,2,0.32255101203918457,17.212050159186994
HiGHS_CMD,primal,4,2,0.47549891471862793,17.2120501591828
HiGHS_CMD,dual,4,2,0.30510711669921875,17.2120501591828
HiGHS_CMD,barrier,4,2,0.31111717224121094,17.2120501591827
GLPK_CMD,primal,4,2,0.3334922790527344,17.2121
GLPK_CMD,dual,4,2,1.2432451248168945,17.2121
COIN_CMD,primal,4,2,0.26749587059020996,17.21205
COIN_CMD,dual,4,2,0.8843657970428467,17.211329
COIN_CMD,barrier,4,2,0.4822700023651123,17.21205
CPLEX_PY,primal,4,3,0.15021991729736328,52.902044959440396
CPLEX_PY,dual,4,3,0.14917206764221191,52.902044959440396
CPLEX_PY,barrier,4,3,0.14924001693725586,52.902044959440396
GUROBI,primal,4,3,0.09312009811401367,52.902044959440396
GUROBI,dual,4,3,0.09442687034606934,52.9020449594404
GUROBI,barrier,4,3,0.20720696449279785,52.9020449594404
HiGHS_CMD,primal,4,3,0.26996517181396484,52.9020449594524
HiGHS_CMD,dual,4,3,0.22290515899658203,52.9020449594524
HiGHS_CMD,barrier,4,3,0.25256824493408203,52.9020449594524
GLPK_CMD,primal,4,3,0.24098992347717285,52.902
GLPK_CMD,dual,4,3,0.6299846172332764,52.902
COIN_CMD,primal,4,3,0.18608307838439941,52.902045
COIN_CMD,dual,4,3,0.2568032741546631,52.902045
COIN_CMD,barrier,4,3,0.48490405082702637,52.902045
CPLEX_PY,primal,4,4,0.7989711761474609,52.902044959440396
CPLEX_PY,dual,4,4,0.37480807304382324,52.902044959440396
CPLEX_PY,barrier,4,4,0.6835579872131348,52.902044959440396
GUROBI,primal,4,4,0.12553811073303223,52.90204495944039
GUROBI,dual,4,4,0.12252306938171387,52.9020449594404
GUROBI,barrier,4,4,0.2183847427368164,52.902044959440396
HiGHS_CMD,primal,4,4,0.4691951274871826,52.9020449594524
HiGHS_CMD,dual,4,4,0.3326890468597412,52.9020449594524
HiGHS_CMD,barrier,4,4,0.33300137519836426,52.9020449594524
GLPK_CMD,primal,4,4,0.31743383407592773,52.902
GLPK_CMD,dual,4,4,1.5055139064788818,52.902
COIN_CMD,primal,4,4,0.2528078556060791,52.902045
COIN_CMD,dual,4,4,0.4514172077178955,52.902045
COIN_CMD,barrier,4,4,0.7084429264068604,52.902045
CPLEX_PY,primal,4,5,0.2054762840270996,52.90204495944039
CPLEX_PY,dual,4,5,0.20680022239685059,52.90204495944039
CPLEX_PY,barrier,4,5,0.20926403999328613,52.90204495944039
GUROBI,primal,4,5,0.49012112617492676,52.9020449594404
GUROBI,dual,4,5,0.1211550235748291,52.9020449594404
GUROBI,barrier,4,5,0.25162172317504883,52.9020449594404
HiGHS_CMD,primal,4,5,0.42244410514831543,52.9020449594524
HiGHS_CMD,dual,4,5,0.31043100357055664,52.9020449594524
HiGHS_CMD,barrier,4,5,0.31947875022888184,52.9020449594524
GLPK_CMD,primal,4,5,0.35767102241516113,52.902
GLPK_CMD,dual,4,5,1.8979289531707764,52.902
COIN_CMD,primal,4,5,0.22533011436462402,52.902045
COIN_CMD,dual,4,5,0.4938082695007324,52.902045
COIN_CMD,barrier,4,5,1.542773723602295,52.902045
CPLEX_PY,primal,4,6,1.2815847396850586,13.794355770642548
CPLEX_PY,dual,4,6,0.9741489887237549,13.794355770642548
CPLEX_PY,barrier,4,6,0.638293981552124,13.794355770642548
GUROBI,primal,4,6,0.12517213821411133,13.794355770642595
GUROBI,dual,4,6,0.13048863410949707,13.794355770642555
GUROBI,barrier,4,6,0.23208284378051758,13.794355770642705
HiGHS_CMD,primal,4,6,0.5161471366882324,13.7943557706407
HiGHS_CMD,dual,4,6,0.3042120933532715,13.7943557706407
HiGHS_CMD,barrier,4,6,0.34873223304748535,13.7943557706407
GLPK_CMD,primal,4,6,0.3177831172943115,13.7944
GLPK_CMD,dual,4,6,1.4544639587402344,13.7944
COIN_CMD,primal,4,6,0.2638888359069824,13.794356
COIN_CMD,dual,4,6,0.5914642810821533,13.794355
COIN_CMD,barrier,4,6,0.7211709022521973,13.794356
CPLEX_PY,primal,4,7,0.1727139949798584,52.902044959440396
CPLEX_PY,dual,4,7,0.17308783531188965,52.902044959440396
CPLEX_PY,barrier,4,7,0.16789984703063965,52.902044959440396
GUROBI,primal,4,7,0.09512019157409668,52.9020449594404
GUROBI,dual,4,7,0.09581685066223145,52.902044959440396
GUROBI,barrier,4,7,0.36265110969543457,52.902044959440765
HiGHS_CMD,primal,4,7,0.3160400390625,52.9020449594524
HiGHS_CMD,dual,4,7,0.25657010078430176,52.9020449594524
HiGHS_CMD,barrier,4,7,0.28142380714416504,52.9020449594524
GLPK_CMD,primal,4,7,0.23227882385253906,52.902
GLPK_CMD,dual,4,7,0.8239679336547852,52.902
COIN_CMD,primal,4,7,0.176314115524292,52.902045
COIN_CMD,dual,4,7,0.35738706588745117,52.902045
COIN_CMD,barrier,4,7,0.48182129859924316,52.902045
CPLEX_PY,primal,4,8,0.7765278816223145,52.902044959440396
CPLEX_PY,dual,4,8,0.3493947982788086,52.902044959440396
CPLEX_PY,barrier,4,8,1.2525508403778076,52.902044959440396
GUROBI,primal,4,8,0.1291341781616211,52.902044959440396
GUROBI,dual,4,8,0.13445091247558594,52.9020449594404
GUROBI,barrier,4,8,0.4166288375854492,52.9020449594404
HiGHS_CMD,primal,4,8,0.4517838954925537,52.9020449594524
HiGHS_CMD,dual,4,8,0.4166121482849121,52.9020449594524
HiGHS_CMD,barrier,4,8,0.34290194511413574,52.9020449594524
GLPK_CMD,primal,4,8,0.3408792018890381,52.902
GLPK_CMD,dual,4,8,1.3959722518920898,52.902
COIN_CMD,primal,4,8,0.3878319263458252,52.902045
COIN_CMD,dual,4,8,1.4485256671905518,52.902045
COIN_CMD,barrier,4,8,1.009512186050415,52.902045
CPLEX_PY,primal,4,9,0.18771600723266602,52.902044959440396
CPLEX_PY,dual,4,9,0.18576979637145996,52.902044959440396
CPLEX_PY,barrier,4,9,0.1863880157470703,52.902044959440396
GUROBI,primal,4,9,0.10913920402526855,52.9020449594404
GUROBI,dual,4,9,0.12452197074890137,52.9020449594404
GUROBI,barrier,4,9,0.29013514518737793,52.902044959440396
HiGHS_CMD,primal,4,9,0.3823270797729492,52.9020449594524
HiGHS_CMD,dual,4,9,0.27973508834838867,52.9020449594525
HiGHS_CMD,barrier,4,9,0.3108060359954834,52.9020449594524
GLPK_CMD,primal,4,9,0.3277568817138672,52.902
GLPK_CMD,dual,4,9,1.2222230434417725,52.902
COIN_CMD,primal,4,9,0.20568108558654785,52.902045
COIN_CMD,dual,4,9,0.5045058727264404,52.902045
COIN_CMD,barrier,4,9,0.4459819793701172,52.902045
CPLEX_PY,primal,5,0,45.48211097717285,52.902044959440396
CPLEX_PY,dual,5,0,40.16798973083496,52.902044959440396
CPLEX_PY,barrier,5,0,53.75088095664978,52.902044959440396
GUROBI,primal,5,0,0.1534416675567627,52.9020449594404
GUROBI,dual,5,0,0.1724379062652588,52.9020449594404
GUROBI,barrier,5,0,0.2587902545928955,52.902044959440396
HiGHS_CMD,primal,5,0,0.6024768352508545,52.9020449594524
HiGHS_CMD,dual,5,0,0.48666810989379883,52.9020449594524
HiGHS_CMD,barrier,5,0,0.4475877285003662,52.9020449594524
GLPK_CMD,primal,5,0,0.43695521354675293,52.902
GLPK_CMD,dual,5,0,2.895648956298828,52.902
COIN_CMD,primal,5,0,0.3413867950439453,52.902045
COIN_CMD,dual,5,0,1.0229830741882324,52.902045
COIN_CMD,barrier,5,0,1.1246840953826904,52.902045
CPLEX_PY,primal,5,1,1.0717487335205078,52.902044959440396
CPLEX_PY,dual,5,1,1.035484790802002,52.902044959440396
CPLEX_PY,barrier,5,1,0.8662822246551514,52.902044959440396
GUROBI,primal,5,1,0.15953397750854492,52.9020449594404
GUROBI,dual,5,1,0.15745091438293457,52.902044959440396
GUROBI,barrier,5,1,0.5678257942199707,52.9020449594404
HiGHS_CMD,primal,5,1,0.608950138092041,52.9020449594524
HiGHS_CMD,dual,5,1,0.42811083793640137,52.9020449594524
HiGHS_CMD,barrier,5,1,0.4121439456939697,52.9020449594524
GLPK_CMD,primal,5,1,0.4060502052307129,52.902
GLPK_CMD,dual,5,1,2.614405870437622,52.902
COIN_CMD,primal,5,1,0.3524961471557617,52.902045
COIN_CMD,dual,5,1,0.7061769962310791,52.902045
COIN_CMD,barrier,5,1,1.0228259563446045,52.902045
CPLEX_PY,primal,5,2,2.280787944793701,33.92398892537127
CPLEX_PY,dual,5,2,1.6718249320983887,33.92398892537127
CPLEX_PY,barrier,5,2,2.8902640342712402,33.92398892537127
GUROBI,primal,5,2,0.16331100463867188,33.923988925371134
GUROBI,dual,5,2,0.17967510223388672,33.923988925371276
GUROBI,barrier,5,2,0.32923078536987305,33.92398892537122
HiGHS_CMD,primal,5,2,0.6144289970397949,33.9239889253624
HiGHS_CMD,dual,5,2,0.38231778144836426,33.9239889253624
HiGHS_CMD,barrier,5,2,0.41687989234924316,33.9239889253625
GLPK_CMD,primal,5,2,0.495739221572876,33.924
GLPK_CMD,dual,5,2,2.321465015411377,33.924
COIN_CMD,primal,5,2,0.3196718692779541,33.923989
COIN_CMD,dual,5,2,1.01888108253479,33.92221
COIN_CMD,barrier,5,2,0.910499095916748,33.923989
CPLEX_PY,primal,5,3,4.695183753967285,52.902044959440396
CPLEX_PY,dual,5,3,1.7644047737121582,52.902044959440396
CPLEX_PY,barrier,5,3,1.481307029724121,52.902044959440396
GUROBI,primal,5,3,0.13287663459777832,52.902044959440396
GUROBI,dual,5,3,0.1469130516052246,52.9020449594404
GUROBI,barrier,5,3,0.26787519454956055,52.9020449594404
HiGHS_CMD,primal,5,3,0.5185010433197021,52.9020449594524
HiGHS_CMD,dual,5,3,0.3969101905822754,52.9020449594524
HiGHS_CMD,barrier,5,3,0.38071274757385254,52.9020449594524
GLPK_CMD,primal,5,3,0.38198399543762207,52.902
GLPK_CMD,dual,5,3,1.8344950675964355,52.902
COIN_CMD,primal,5,3,0.28400397300720215,52.902045
COIN_CMD,dual,5,3,0.5213170051574707,52.902045
COIN_CMD,barrier,5,3,2.425312042236328,52.902045
CPLEX_PY,primal,5,4,0.9404799938201904,52.90204495944039
CPLEX_PY,dual,5,4,0.648608922958374,52.90204495944039
CPLEX_PY,barrier,5,4,1.9078660011291504,52.90204495944039
GUROBI,primal,5,4,0.1316819190979004,52.9020449594404
GUROBI,dual,5,4,0.138840913772583,52.902044959440396
GUROBI,barrier,5,4,0.4543571472167969,52.902044959440396
HiGHS_CMD,primal,5,4,0.5238437652587891,52.9020449594524
HiGHS_CMD,dual,5,4,0.38745999336242676,52.9020449594524
HiGHS_CMD,barrier,5,4,0.3743562698364258,52.9020449594524
GLPK_CMD,primal,5,4,0.3460848331451416,52.902
GLPK_CMD,dual,5,4,1.3404107093811035,52.902
COIN_CMD,primal,5,4,0.2247941493988037,52.902045
COIN_CMD,dual,5,4,0.8495917320251465,52.902045
COIN_CMD,barrier,5,4,1.8927810192108154,52.902045
CPLEX_PY,primal,5,5,0.21422505378723145,52.9020449594404
CPLEX_PY,dual,5,5,0.2154989242553711,52.9020449594404
CPLEX_PY,barrier,5,5,0.21108508110046387,52.9020449594404
GUROBI,primal,5,5,0.1296093463897705,52.902044959440396
GUROBI,dual,5,5,0.6532778739929199,52.9020449594404
GUROBI,barrier,5,5,0.2784759998321533,52.902044959440396
HiGHS_CMD,primal,5,5,0.4280970096588135,52.9020449594524
HiGHS_CMD,dual,5,5,0.3272240161895752,52.9020449594524
HiGHS_CMD,barrier,5,5,0.33784008026123047,52.9020449594524
GLPK_CMD,primal,5,5,0.3203108310699463,52.902
GLPK_CMD,dual,5,5,1.217473030090332,52.902
COIN_CMD,primal,5,5,0.29459095001220703,52.902045
COIN_CMD,dual,5,5,0.5915749073028564,52.902045
COIN_CMD,barrier,5,5,0.6583428382873535,52.902045
CPLEX_PY,primal,5,6,0.8121099472045898,37.05144694200199
CPLEX_PY,dual,5,6,2.501650094985962,37.05144694200199
CPLEX_PY,barrier,5,6,0.9265518188476562,37.05144694200199
GUROBI,primal,5,6,0.16917705535888672,37.05144694200194
GUROBI,dual,5,6,0.18124699592590332,37.051446942001974
GUROBI,barrier,5,6,0.5680348873138428,37.051446942002
HiGHS_CMD,primal,5,6,0.6801848411560059,37.0514469419998
HiGHS_CMD,dual,5,6,0.4350779056549072,37.0514469419998
HiGHS_CMD,barrier,5,6,0.4277520179748535,37.0514469419999
GLPK_CMD,primal,5,6,0.5560512542724609,37.0514
GLPK_CMD,dual,5,6,5.167512893676758,37.0514
COIN_CMD,primal,5,6,0.31939196586608887,37.051447
COIN_CMD,dual,5,6,0.8107309341430664,37.050787
COIN_CMD,barrier,5,6,0.9786128997802734,37.051447
CPLEX_PY,primal,5,7,2.546576976776123,52.902044959440396
CPLEX_PY,dual,5,7,0.5653419494628906,52.902044959440396
CPLEX_PY,barrier,5,7,1.6547870635986328,52.902044959440396
GUROBI,primal,5,7,0.12538695335388184,52.902044959440396
GUROBI,dual,5,7,0.1717541217803955,52.9020449594404
GUROBI,barrier,5,7,0.21914887428283691,52.90204495944022
HiGHS_CMD,primal,5,7,0.4860961437225342,52.9020449594524
HiGHS_CMD,dual,5,7,0.3849039077758789,52.9020449594524
HiGHS_CMD,barrier,5,7,0.36182403564453125,52.9020449594524
GLPK_CMD,primal,5,7,0.36053991317749023,52.902
GLPK_CMD,dual,5,7,1.9314711093902588,52.902
COIN_CMD,primal,5,7,0.2564408779144287,52.902045
COIN_CMD,dual,5,7,0.7033140659332275,52.902045
COIN_CMD,barrier,5,7,1.1922972202301025,52.902045
CPLEX_PY,primal,5,8,0.6521790027618408,52.902044959440396
CPLEX_PY,dual,5,8,3.8621749877929688,52.902044959440396
CPLEX_PY,barrier,5,8,2.203464984893799,52.902044959440396
GUROBI,primal,5,8,0.1277308464050293,52.902044959440396
GUROBI,dual,5,8,0.14967107772827148,52.9020449594404
GUROBI,barrier,5,8,0.29044008255004883,52.902044959440396
HiGHS_CMD,primal,5,8,0.43353986740112305,52.9020449594524
HiGHS_CMD,dual,5,8,0.30527472496032715,52.9020449594524
HiGHS_CMD,barrier,5,8,0.4036600589752197,52.9020449594525
GLPK_CMD,primal,5,8,0.37558913230895996,52.902
GLPK_CMD,dual,5,8,1.6567349433898926,52.902
COIN_CMD,primal,5,8,0.2755930423736572,52.902045
COIN_CMD,dual,5,8,0.604985237121582,52.902045
COIN_CMD,barrier,5,8,1.0049591064453125,52.902045
CPLEX_PY,primal,5,9,2.633283853530884,52.9020449594404
CPLEX_PY,dual,5,9,0.8856167793273926,52.9020449594404
CPLEX_PY,barrier,5,9,0.529015064239502,52.9020449594404
GUROBI,primal,5,9,0.15809202194213867,52.902044959440396
GUROBI,dual,5,9,0.16221404075622559,52.9020449594404
GUROBI,barrier,5,9,0.33447766304016113,52.9020449594404
HiGHS_CMD,primal,5,9,0.6857590675354004,52.9020449594524
HiGHS_CMD,dual,5,9,0.7872340679168701,52.9020449594524
HiGHS_CMD,barrier,5,9,0.7106611728668213,52.9020449594524
GLPK_CMD,primal,5,9,0.430344820022583,52.902
GLPK_CMD,dual,5,9,3.002840995788574,52.902
COIN_CMD,primal,5,9,0.313323974609375,52.902045
COIN_CMD,dual,5,9,1.0019168853759766,52.902045
COIN_CMD,barrier,5,9,4.1048948764801025,52.902045
CPLEX_PY,primal,6,0,1.1994433403015137,52.9020449594404
CPLEX_PY,dual,6,0,1.487121820449829,52.9020449594404
CPLEX_PY,barrier,6,0,2.0493268966674805,52.9020449594404
GUROBI,primal,6,0,0.162337064743042,52.902044959440396
GUROBI,dual,6,0,0.16057109832763672,52.902044959440396
GUROBI,barrier,6,0,0.6135690212249756,52.9020449594404
HiGHS_CMD,primal,6,0,0.7010257244110107,52.9020449594524
HiGHS_CMD,dual,6,0,0.5355091094970703,52.9020449594525
HiGHS_CMD,barrier,6,0,0.46860384941101074,52.9020449594524
GLPK_CMD,primal,6,0,0.5181610584259033,52.902
GLPK_CMD,dual,6,0,2.7318451404571533,52.902
COIN_CMD,primal,6,0,0.33986711502075195,52.902045
COIN_CMD,dual,6,0,1.0490081310272217,52.902045
COIN_CMD,barrier,6,0,3.2038118839263916,52.902045
CPLEX_PY,primal,6,1,65.68744897842407,52.902044959440396
CPLEX_PY,dual,6,1,26.42425513267517,52.902044959440396
CPLEX_PY,barrier,6,1,84.86700296401978,52.902044959440396
GUROBI,primal,6,1,0.190460205078125,52.9020449594404
GUROBI,dual,6,1,0.22893285751342773,52.902044959440374
GUROBI,barrier,6,1,0.6313138008117676,52.902044959440396
HiGHS_CMD,primal,6,1,0.8610830307006836,52.9020449594524
HiGHS_CMD,dual,6,1,0.6004500389099121,52.9020449594524
HiGHS_CMD,barrier,6,1,0.5511159896850586,52.9020449594524
GLPK_CMD,primal,6,1,0.638073205947876,52.902
GLPK_CMD,dual,6,1,4.013339281082153,52.902
COIN_CMD,primal,6,1,0.3608698844909668,52.902045
COIN_CMD,dual,6,1,2.0213921070098877,52.902045
CPLEX_PY,primal,6,2,1.5936758518218994,52.90204495944041
CPLEX_PY,dual,6,2,0.3575308322906494,52.90204495944041
CPLEX_PY,barrier,6,2,4.839969873428345,52.90204495944041
GUROBI,primal,6,2,0.16234278678894043,52.902044959440396
GUROBI,dual,6,2,0.17696905136108398,52.902044959440396
GUROBI,barrier,6,2,0.3101828098297119,52.90204495944042
HiGHS_CMD,primal,6,2,0.7383949756622314,52.9020449594524
HiGHS_CMD,dual,6,2,0.48711204528808594,52.9020449594524
HiGHS_CMD,barrier,6,2,0.4660217761993408,52.9020449594524
GLPK_CMD,primal,6,2,0.4609060287475586,52.902
GLPK_CMD,dual,6,2,4.069693088531494,52.902
COIN_CMD,primal,6,2,0.34851813316345215,52.902045
COIN_CMD,dual,6,2,1.326707124710083,52.902045
COIN_CMD,barrier,6,2,1.0422348976135254,52.902045
CPLEX_PY,primal,6,3,6.393831968307495,52.9020449594404
CPLEX_PY,dual,6,3,0.655440092086792,52.9020449594404
CPLEX_PY,barrier,6,3,0.44378185272216797,52.9020449594404
GUROBI,primal,6,3,0.15308594703674316,52.9020449594404
GUROBI,dual,6,3,0.14455723762512207,52.902044959440396
GUROBI,barrier,6,3,0.3724849224090576,52.9020449594404
HiGHS_CMD,primal,6,3,0.6135900020599365,52.9020449594525
HiGHS_CMD,dual,6,3,0.4243290424346924,52.9020449594524
HiGHS_CMD,barrier,6,3,0.4165339469909668,52.9020449594524
GLPK_CMD,primal,6,3,0.46573901176452637,52.902
GLPK_CMD,dual,6,3,2.1115190982818604,52.902
COIN_CMD,primal,6,3,0.2589149475097656,52.902045
COIN_CMD,dual,6,3,0.7212457656860352,52.902045
COIN_CMD,barrier,6,3,0.6188511848449707,52.902045
CPLEX_PY,primal,6,4,71.55603790283203,48.772478588381844
CPLEX_PY,dual,6,4,52.34568190574646,48.772478588381844
CPLEX_PY,barrier,6,4,39.48005199432373,48.772478588381844
GUROBI,primal,6,4,0.18895316123962402,48.77247858838187
GUROBI,dual,6,4,0.20351386070251465,48.77247858838176
GUROBI,barrier,6,4,0.43187785148620605,48.77247858838191
HiGHS_CMD,primal,6,4,0.9071669578552246,48.7724785883752
HiGHS_CMD,dual,6,4,0.5090277194976807,48.7724785883753
HiGHS_CMD,barrier,6,4,0.5078520774841309,48.7724785883743
GLPK_CMD,primal,6,4,0.576524019241333,48.7725
GLPK_CMD,dual,6,4,5.242153882980347,48.7725
COIN_CMD,primal,6,4,0.4037468433380127,48.772479
COIN_CMD,dual,6,4,3.896855115890503,48.772523
COIN_CMD,barrier,6,4,1.457136869430542,48.772479
CPLEX_PY,primal,6,5,25.901695013046265,52.902044959440396
CPLEX_PY,dual,6,5,38.80310797691345,52.902044959440396
CPLEX_PY,barrier,6,5,20.764211893081665,52.902044959440396
GUROBI,primal,6,5,0.15992283821105957,52.902044959440396
GUROBI,dual,6,5,0.16166114807128906,52.902044959440396
GUROBI,barrier,6,5,0.5139319896697998,52.90204495944041
HiGHS_CMD,primal,6,5,0.6121249198913574,52.9020449594524
HiGHS_CMD,dual,6,5,0.4533729553222656,52.9020449594524
HiGHS_CMD,barrier,6,5,0.4686901569366455,52.9020449594524
GLPK_CMD,primal,6,5,0.46765995025634766,52.902
GLPK_CMD,dual,6,5,2.6748719215393066,52.902
COIN_CMD,primal,6,5,0.3221569061279297,52.902045
COIN_CMD,dual,6,5,3.200831413269043,52.902045
COIN_CMD,barrier,6,5,1.2814619541168213,52.902045
CPLEX_PY,primal,6,6,27.745605945587158,52.90204495944041
CPLEX_PY,dual,6,6,12.599154233932495,52.90204495944041
CPLEX_PY,barrier,6,6,35.26354503631592,52.90204495944041
GUROBI,primal,6,6,0.15410995483398438,52.902044959440396
GUROBI,dual,6,6,0.1619560718536377,52.902044959440396
GUROBI,barrier,6,6,0.4108469486236572,52.902044959440396
HiGHS_CMD,primal,6,6,0.6332230567932129,52.9020449594524
HiGHS_CMD,dual,6,6,0.4601247310638428,52.9020449594524
HiGHS_CMD,barrier,6,6,0.4439549446105957,52.9020449594524
GLPK_CMD,primal,6,6,0.4433858394622803,52.902
GLPK_CMD,dual,6,6,3.819633722305298,52.902
COIN_CMD,primal,6,6,0.31406116485595703,52.902045
COIN_CMD,dual,6,6,2.2429370880126953,52.902045
COIN_CMD,barrier,6,6,2.8023250102996826,52.902045
CPLEX_PY,primal,6,7,15.570058107376099,52.902044959440396
CPLEX_PY,dual,6,7,12.533001184463501,52.902044959440396
CPLEX_PY,barrier,6,7,15.022825956344604,52.902044959440396
GUROBI,primal,6,7,0.1553201675415039,52.90204495944041
GUROBI,dual,6,7,0.16127371788024902,52.9020449594404
GUROBI,barrier,6,7,0.2827603816986084,52.9020449594404
HiGHS_CMD,primal,6,7,0.5976638793945312,52.9020449594524
HiGHS_CMD,dual,6,7,0.46280717849731445,52.9020449594524
HiGHS_CMD,barrier,6,7,0.41031312942504883,52.9020449594524
GLPK_CMD,primal,6,7,0.4161849021911621,52.902
GLPK_CMD,dual,6,7,3.1364893913269043,52.902
COIN_CMD,primal,6,7,0.25809478759765625,52.902045
COIN_CMD,dual,6,7,2.1352381706237793,52.902045
COIN_CMD,barrier,6,7,0.6969199180603027,52.902045
CPLEX_PY,primal,6,8,0.42547106742858887,52.902044959440396
CPLEX_PY,dual,6,8,1.6424639225006104,52.902044959440396
CPLEX_PY,barrier,6,8,2.5724499225616455,52.902044959440396
GUROBI,primal,6,8,0.16116786003112793,52.90204495944039
GUROBI,dual,6,8,0.16657686233520508,52.90204495944039
GUROBI,barrier,6,8,0.3880429267883301,52.9020449594404
HiGHS_CMD,primal,6,8,0.7022910118103027,52.9020449594524
HiGHS_CMD,dual,6,8,0.5164480209350586,52.9020449594524
HiGHS_CMD,barrier,6,8,0.4710090160369873,52.9020449594524
GLPK_CMD,primal,6,8,0.4989769458770752,52.902
GLPK_CMD,dual,6,8,3.8417747020721436,52.902
COIN_CMD,primal,6,8,0.3745300769805908,52.902045
COIN_CMD,dual,6,8,1.336784839630127,52.902045
COIN_CMD,barrier,6,8,2.18947696685791,52.902045
CPLEX_PY,primal,6,9,69.33094191551208,52.902044959440396
CPLEX_PY,dual,6,9,55.42635488510132,52.902044959440396
CPLEX_PY,barrier,6,9,39.53766489028931,52.902044959440396
GUROBI,primal,6,9,0.15583300590515137,52.902044959440396
GUROBI,dual,6,9,0.16987895965576172,52.9020449594404
GUROBI,barrier,6,9,0.34133410453796387,52.902044959440396
HiGHS_CMD,primal,6,9,0.6410260200500488,52.9020449594524
HiGHS_CMD,dual,6,9,0.4546360969543457,52.9020449594524
HiGHS_CMD,barrier,6,9,0.43499755859375,52.9020449594526
GLPK_CMD,primal,6,9,0.4545159339904785,52.902
GLPK_CMD,dual,6,9,2.7587692737579346,52.902
COIN_CMD,primal,6,9,0.3096649646759033,52.902045
COIN_CMD,dual,6,9,0.7524609565734863,52.902045
COIN_CMD,barrier,6,9,0.8758747577667236,52.902045
CPLEX_PY,primal,7,0,14.781905889511108,52.9020449594404
CPLEX_PY,dual,7,0,17.57395911216736,52.9020449594404
CPLEX_PY,barrier,7,0,17.77081322669983,52.9020449594404
GUROBI,primal,7,0,0.15781307220458984,52.9020449594404
GUROBI,dual,7,0,0.16934823989868164,52.902044959440396
GUROBI,barrier,7,0,0.46170997619628906,52.90204495944039
HiGHS_CMD,primal,7,0,0.667637825012207,52.9020449594524
HiGHS_CMD,dual,7,0,0.4498779773712158,52.9020449594524
HiGHS_CMD,barrier,7,0,0.4401671886444092,52.9020449594524
GLPK_CMD,primal,7,0,0.4604761600494385,52.902
GLPK_CMD,dual,7,0,3.924628973007202,52.902
COIN_CMD,primal,7,0,0.3328733444213867,52.902045
COIN_CMD,dual,7,0,0.5779478549957275,52.902045
COIN_CMD,barrier,7,0,0.9658300876617432,52.902045
CPLEX_PY,primal,7,1,72.81026005744934,52.9020449594404
CPLEX_PY,dual,7,1,74.44649076461792,52.9020449594404
CPLEX_PY,barrier,7,1,74.1248209476471,52.9020449594404
GUROBI,primal,7,1,0.1935439109802246,52.9020449594404
GUROBI,dual,7,1,0.21989178657531738,52.9020449594404
GUROBI,barrier,7,1,0.6842927932739258,52.9020449594404
HiGHS_CMD,primal,7,1,1.0757627487182617,52.9020449594524
HiGHS_CMD,dual,7,1,0.6679198741912842,52.9020449594524
HiGHS_CMD,barrier,7,1,0.5946178436279297,52.9020449594522
GLPK_CMD,primal,7,1,0.5880019664764404,52.902
GLPK_CMD,dual,7,1,5.192009925842285,52.902
COIN_CMD,primal,7,1,0.3837409019470215,52.902045
COIN_CMD,dual,7,1,2.1967358589172363,52.902045
COIN_CMD,barrier,7,1,4.6968560218811035,52.902045
CPLEX_PY,primal,7,2,127.1602578163147,52.902044959440396
CPLEX_PY,dual,7,2,96.6438410282135,52.902044959440396
CPLEX_PY,barrier,7,2,153.3585979938507,52.902044959440396
GUROBI,primal,7,2,0.1967017650604248,52.902044959440396
GUROBI,dual,7,2,0.242387056350708,52.902044959440396
GUROBI,barrier,7,2,1.2507872581481934,52.9020449594404
HiGHS_CMD,primal,7,2,1.0841631889343262,52.9020449594525
HiGHS_CMD,dual,7,2,0.7170412540435791,52.9020449594523
HiGHS_CMD,barrier,7,2,0.5671100616455078,52.9020449594524
GLPK_CMD,primal,7,2,0.6733260154724121,52.902
GLPK_CMD,dual,7,2,5.79521107673645,52.902
COIN_CMD,primal,7,2,0.40810513496398926,52.902045
COIN_CMD,dual,7,2,2.1640498638153076,52.902045
COIN_CMD,barrier,7,2,5.079419136047363,52.902045
CPLEX_PY,primal,7,3,41.207443952560425,52.90204495944039
CPLEX_PY,dual,7,3,43.91540789604187,52.90204495944039
CPLEX_PY,barrier,7,3,33.350425004959106,52.90204495944039
GUROBI,primal,7,3,0.19543981552124023,52.9020449594404
GUROBI,dual,7,3,0.1987903118133545,52.9020449594404
GUROBI,barrier,7,3,0.5382108688354492,52.90204495944039
HiGHS_CMD,primal,7,3,0.9237117767333984,52.9020449594524
HiGHS_CMD,dual,7,3,0.7583260536193848,52.9020449594523
HiGHS_CMD,barrier,7,3,0.6118290424346924,52.9020449594524
GLPK_CMD,primal,7,3,0.6884250640869141,52.902
GLPK_CMD,dual,7,3,9.419000148773193,52.902
COIN_CMD,primal,7,3,0.4073009490966797,52.902045
COIN_CMD,dual,7,3,2.876246929168701,52.902045
COIN_CMD,barrier,7,3,2.049362897872925,52.902045
CPLEX_PY,primal,7,4,75.06144189834595,52.902044959440396
CPLEX_PY,dual,7,4,53.41669201850891,52.902044959440396
CPLEX_PY,barrier,7,4,70.22747707366943,52.902044959440396
GUROBI,primal,7,4,0.16650009155273438,52.9020449594404
GUROBI,dual,7,4,0.19055891036987305,52.90204495944039
GUROBI,barrier,7,4,0.4061598777770996,52.902044959440396
HiGHS_CMD,primal,7,4,0.8652479648590088,52.9020449594524
HiGHS_CMD,dual,7,4,0.5184917449951172,52.9020449594524
HiGHS_CMD,barrier,7,4,0.5292649269104004,52.9020449594524
GLPK_CMD,primal,7,4,0.5438868999481201,52.902
GLPK_CMD,dual,7,4,3.9859189987182617,52.902
COIN_CMD,primal,7,4,0.36666202545166016,52.902045
COIN_CMD,dual,7,4,1.5571699142456055,52.902045
COIN_CMD,barrier,7,4,1.769577980041504,52.902045
CPLEX_PY,primal,7,5,25.121731996536255,52.902044959440396
CPLEX_PY,dual,7,5,51.28911805152893,52.902044959440396
CPLEX_PY,barrier,7,5,75.69490218162537,52.902044959440396
GUROBI,primal,7,5,0.19628405570983887,52.902044959440396
GUROBI,dual,7,5,0.22237801551818848,52.902044959440396
GUROBI,barrier,7,5,0.7484595775604248,52.9020449594404
HiGHS_CMD,primal,7,5,0.8395581245422363,52.9020449594524
HiGHS_CMD,dual,7,5,0.6222450733184814,52.9020449594528
HiGHS_CMD,barrier,7,5,0.5601978302001953,52.9020449594524
GLPK_CMD,primal,7,5,0.5476202964782715,52.902
GLPK_CMD,dual,7,5,6.136235952377319,52.902
COIN_CMD,primal,7,5,0.41812825202941895,52.902045
COIN_CMD,dual,7,5,0.9913899898529053,52.902045
COIN_CMD,barrier,7,5,2.273855209350586,52.902045
CPLEX_PY,primal,7,6,52.93748092651367,52.9020449594404
CPLEX_PY,dual,7,6,66.11942291259766,52.9020449594404
CPLEX_PY,barrier,7,6,56.79134202003479,52.9020449594404
GUROBI,primal,7,6,0.19727087020874023,52.902044959440396
GUROBI,dual,7,6,0.2192230224609375,52.9020449594404
GUROBI,barrier,7,6,0.3462338447570801,52.902044959440396
HiGHS_CMD,primal,7,6,0.9208459854125977,52.9020449594524
HiGHS_CMD,dual,7,6,0.7160589694976807,52.9020449594525
HiGHS_CMD,barrier,7,6,0.609813928604126,52.9020449594524
GLPK_CMD,primal,7,6,0.7198119163513184,52.902
GLPK_CMD,dual,7,6,4.686409950256348,52.902
COIN_CMD,primal,7,6,0.4101979732513428,52.902045
COIN_CMD,dual,7,6,2.1480109691619873,52.902045
COIN_CMD,barrier,7,6,2.989152193069458,52.902045
CPLEX_PY,primal,7,7,13.24893593788147,52.902044959440396
CPLEX_PY,dual,7,7,25.514595985412598,52.902044959440396
CPLEX_PY,barrier,7,7,20.324804067611694,52.902044959440396
GUROBI,primal,7,7,0.1826460361480713,52.9020449594404
GUROBI,dual,7,7,0.1869339942932129,52.9020449594404
GUROBI,barrier,7,7,0.3974950313568115,52.9020449594404
HiGHS_CMD,primal,7,7,0.841292142868042,52.9020449594524
HiGHS_CMD,dual,7,7,0.5906128883361816,52.9020449594524
HiGHS_CMD,barrier,7,7,1.4919631481170654,52.9020449594526
GLPK_CMD,primal,7,7,0.5587294101715088,52.902
GLPK_CMD,dual,7,7,5.46200704574585,52.902
COIN_CMD,primal,7,7,0.3830080032348633,52.902045
COIN_CMD,dual,7,7,2.1809959411621094,52.902045
COIN_CMD,barrier,7,7,4.735025882720947,52.902045
CPLEX_PY,primal,7,8,74.98228621482849,52.902044959440396
CPLEX_PY,dual,7,8,78.25622081756592,52.902044959440396
CPLEX_PY,barrier,7,8,18.687975883483887,52.902044959440396
GUROBI,primal,7,8,0.1811521053314209,52.90204495944039
GUROBI,dual,7,8,0.20567607879638672,52.90204495944039
GUROBI,barrier,7,8,0.2876701354980469,52.902044959440396
HiGHS_CMD,primal,7,8,0.8148598670959473,52.9020449594524
HiGHS_CMD,dual,7,8,0.5365397930145264,52.9020449594524
HiGHS_CMD,barrier,7,8,0.5531198978424072,52.9020449594524
GLPK_CMD,primal,7,8,0.5847821235656738,52.902
GLPK_CMD,dual,7,8,3.3634276390075684,52.902
COIN_CMD,primal,7,8,0.3718419075012207,52.902045
COIN_CMD,dual,7,8,0.785952091217041,52.902045
COIN_CMD,barrier,7,8,2.134838104248047,52.902045
CPLEX_PY,primal,7,9,1.0251469612121582,52.902044959440396
CPLEX_PY,dual,7,9,0.7679991722106934,52.902044959440396
CPLEX_PY,barrier,7,9,1.0851309299468994,52.902044959440396
GUROBI,primal,7,9,0.17700695991516113,52.9020449594404
GUROBI,dual,7,9,0.192230224609375,52.9020449594404
GUROBI,barrier,7,9,0.9798750877380371,52.9020449594404
HiGHS_CMD,primal,7,9,0.9731912612915039,52.9020449594524
HiGHS_CMD,dual,7,9,0.6019978523254395,52.9020449594524
HiGHS_CMD,barrier,7,9,0.547299861907959,52.9020449594524
GLPK_CMD,primal,7,9,0.603646993637085,52.902
GLPK_CMD,dual,7,9,3.5891919136047363,52.902
COIN_CMD,primal,7,9,0.40067505836486816,52.902045
COIN_CMD,dual,7,9,2.177186965942383,52.902045
CPLEX_PY,primal,8,0,60.023298025131226,52.90204495944039
CPLEX_PY,dual,8,0,78.55193710327148,52.90204495944039
CPLEX_PY,barrier,8,0,64.28284311294556,52.90204495944039
GUROBI,primal,8,0,0.20978903770446777,52.9020449594404
GUROBI,dual,8,0,0.23293590545654297,52.9020449594404
GUROBI,barrier,8,0,0.5755152702331543,52.902044959440396
HiGHS_CMD,primal,8,0,1.0612947940826416,52.9020449594524
HiGHS_CMD,dual,8,0,0.8054568767547607,52.9020449594524
HiGHS_CMD,barrier,8,0,0.623741865158081,52.9020449594524
GLPK_CMD,primal,8,0,0.7535812854766846,52.902
GLPK_CMD,dual,8,0,4.717144012451172,52.902
COIN_CMD,primal,8,0,0.43451690673828125,52.902045
COIN_CMD,dual,8,0,1.4028468132019043,52.902045
COIN_CMD,barrier,8,0,3.366208076477051,52.902045
CPLEX_PY,primal,8,1,89.67429995536804,52.9020449594404
CPLEX_PY,dual,8,1,79.14978408813477,52.9020449594404
CPLEX_PY,barrier,8,1,47.89561080932617,52.9020449594404
GUROBI,primal,8,1,0.2149820327758789,52.90204495944041
GUROBI,dual,8,1,0.24924707412719727,52.90204495944039
GUROBI,barrier,8,1,2.375706911087036,52.902044959440396
HiGHS_CMD,primal,8,1,1.2531309127807617,52.9020449594524
HiGHS_CMD,dual,8,1,0.6923229694366455,52.9020449594524
HiGHS_CMD,barrier,8,1,0.6360592842102051,52.9020449594524
GLPK_CMD,primal,8,1,0.8048839569091797,52.902
GLPK_CMD,dual,8,1,9.371957063674927,52.902
COIN_CMD,primal,8,1,0.46668314933776855,52.902045
COIN_CMD,dual,8,1,2.249368906021118,52.902045
COIN_CMD,barrier,8,1,6.1821980476379395,52.902045
CPLEX_PY,primal,8,2,0.7170178890228271,52.902044959440396
CPLEX_PY,dual,8,2,1.747331142425537,52.902044959440396
CPLEX_PY,barrier,8,2,0.8477580547332764,52.902044959440396
GUROBI,primal,8,2,0.2036139965057373,52.902044959440396
GUROBI,dual,8,2,0.23313212394714355,52.90204495944042
GUROBI,barrier,8,2,1.0369279384613037,52.9020449594404
HiGHS_CMD,primal,8,2,1.0682687759399414,52.9020449594524
HiGHS_CMD,dual,8,2,0.8065731525421143,52.9020449594524
HiGHS_CMD,barrier,8,2,0.6189830303192139,52.9020449594524
GLPK_CMD,primal,8,2,0.8064508438110352,52.902
GLPK_CMD,dual,8,2,7.190597057342529,52.902
COIN_CMD,primal,8,2,0.43977999687194824,52.902045
COIN_CMD,dual,8,2,2.4016339778900146,52.902045
COIN_CMD,barrier,8,2,6.924704074859619,52.902045
CPLEX_PY,primal,8,3,39.300719261169434,52.9020449594404
CPLEX_PY,dual,8,3,31.818121194839478,52.9020449594404
CPLEX_PY,barrier,8,3,55.44351887702942,52.9020449594404
GUROBI,primal,8,3,0.24804091453552246,52.90204495944172
GUROBI,dual,8,3,0.23453092575073242,52.90204495944041
GUROBI,barrier,8,3,0.5286469459533691,52.9020449594404
HiGHS_CMD,primal,8,3,1.2139828205108643,52.9020449594524
HiGHS_CMD,dual,8,3,0.9513258934020996,52.9020449594525
HiGHS_CMD,barrier,8,3,0.7127408981323242,52.9020449594524
GLPK_CMD,primal,8,3,0.876166820526123,52.902
GLPK_CMD,dual,8,3,8.933079719543457,52.902
COIN_CMD,primal,8,3,0.5943880081176758,52.902045
COIN_CMD,dual,8,3,4.213385105133057,52.902045
COIN_CMD,barrier,8,3,6.48274302482605,52.902045
CPLEX_PY,primal,8,4,27.698445081710815,52.902044959440396
CPLEX_PY,dual,8,4,47.40900802612305,52.902044959440396
CPLEX_PY,barrier,8,4,39.159526109695435,52.902044959440396
GUROBI,primal,8,4,0.2252049446105957,52.902044959440396
GUROBI,dual,8,4,0.22228693962097168,52.9020449594404
GUROBI,barrier,8,4,0.3818359375,52.9020449594404
HiGHS_CMD,primal,8,4,1.0835630893707275,52.9020449594524
HiGHS_CMD,dual,8,4,0.8813600540161133,52.9020449594524
HiGHS_CMD,barrier,8,4,0.8758900165557861,52.9020449594524
GLPK_CMD,primal,8,4,0.7139899730682373,52.902
GLPK_CMD,dual,8,4,8.240010738372803,52.902
COIN_CMD,primal,8,4,0.4345700740814209,52.902045
COIN_CMD,barrier,8,4,6.326019763946533,52.902045
CPLEX_PY,primal,8,5,26.869287729263306,52.9020449594404
CPLEX_PY,dual,8,5,31.026982069015503,52.9020449594404
CPLEX_PY,barrier,8,5,52.03355288505554,52.9020449594404
GUROBI,primal,8,5,0.22449111938476562,52.902044959440396
GUROBI,dual,8,5,0.2620689868927002,52.90204495944039
GUROBI,barrier,8,5,0.6523628234863281,52.902044959440396
HiGHS_CMD,primal,8,5,1.087231159210205,52.9020449594524
HiGHS_CMD,dual,8,5,0.8212778568267822,52.9020449594524
HiGHS_CMD,barrier,8,5,0.6615111827850342,52.9020449594524
GLPK_CMD,primal,8,5,0.7762539386749268,52.902
GLPK_CMD,dual,8,5,5.911512136459351,52.902
COIN_CMD,primal,8,5,0.4524869918823242,52.902045
COIN_CMD,dual,8,5,3.4976699352264404,52.902045
COIN_CMD,barrier,8,5,29.469679832458496,52.902045
CPLEX_PY,primal,8,6,64.37686514854431,52.9020449594404
CPLEX_PY,dual,8,6,39.872607946395874,52.9020449594404
CPLEX_PY,barrier,8,6,32.39468193054199,52.9020449594404
GUROBI,primal,8,6,0.21088004112243652,52.90204495944039
GUROBI,dual,8,6,0.25063562393188477,52.9020449594404
GUROBI,barrier,8,6,0.6358599662780762,52.9020449594404
HiGHS_CMD,primal,8,6,1.1634759902954102,52.9020449594524
HiGHS_CMD,dual,8,6,0.6879370212554932,52.9020449594524
HiGHS_CMD,barrier,8,6,0.6632649898529053,52.9020449594524
GLPK_CMD,primal,8,6,0.739548921585083,52.902
GLPK_CMD,dual,8,6,6.687833070755005,52.902
COIN_CMD,primal,8,6,0.47254180908203125,52.902045
COIN_CMD,dual,8,6,2.541141986846924,52.902045
COIN_CMD,barrier,8,6,4.4358179569244385,52.902045
CPLEX_PY,primal,8,7,86.56719899177551,51.602844600748696
CPLEX_PY,dual,8,7,91.31651711463928,51.602844600748696
CPLEX_PY,barrier,8,7,80.95218515396118,51.602844600748696
GUROBI,primal,8,7,6.570404767990112,51.60284460074863
GUROBI,dual,8,7,0.3179488182067871,51.60284460074848
GUROBI,barrier,8,7,0.6866021156311035,51.60284460074869
HiGHS_CMD,primal,8,7,1.544348955154419,51.6028446007415
HiGHS_CMD,dual,8,7,0.7426478862762451,51.6028446007415
HiGHS_CMD,barrier,8,7,0.714336633682251,51.6028446007419
GLPK_CMD,primal,8,7,1.0466008186340332,51.6028
GLPK_CMD,dual,8,7,11.795159101486206,51.6028
COIN_CMD,primal,8,7,0.571281909942627,51.602845
COIN_CMD,dual,8,7,4.622247219085693,51.602827
COIN_CMD,barrier,8,7,1.9445538520812988,51.602844
CPLEX_PY,primal,8,8,51.04490900039673,52.9020449594404
CPLEX_PY,dual,8,8,26.822016954421997,52.9020449594404
CPLEX_PY,barrier,8,8,41.81863594055176,52.9020449594404
GUROBI,primal,8,8,0.23461699485778809,52.9020449594404
GUROBI,dual,8,8,0.2705078125,52.902044959440396
GUROBI,barrier,8,8,0.7446691989898682,52.90204495943949
HiGHS_CMD,primal,8,8,1.2089989185333252,52.9020449594524
HiGHS_CMD,dual,8,8,0.821429967880249,52.9020449594524
HiGHS_CMD,barrier,8,8,2.5325276851654053,52.9020449594524
GLPK_CMD,primal,8,8,0.8167519569396973,52.902
GLPK_CMD,dual,8,8,8.282776117324829,52.902
COIN_CMD,primal,8,8,0.4463498592376709,52.902045
COIN_CMD,dual,8,8,1.7871208190917969,52.902045
COIN_CMD,barrier,8,8,2.3115200996398926,52.902045
CPLEX_PY,primal,8,9,36.2649290561676,52.902044959440396
CPLEX_PY,dual,8,9,37.208613872528076,52.902044959440396
CPLEX_PY,barrier,8,9,82.52887010574341,52.902044959440396
GUROBI,primal,8,9,0.25262904167175293,52.902044959440396
GUROBI,dual,8,9,0.2675650119781494,52.9020449594404
GUROBI,barrier,8,9,0.5580229759216309,52.9020449594404
HiGHS_CMD,primal,8,9,1.3998777866363525,52.9020449594524
HiGHS_CMD,dual,8,9,0.8892719745635986,52.9020449594524
HiGHS_CMD,barrier,8,9,0.8562271595001221,52.9020449594524
GLPK_CMD,primal,8,9,1.0407464504241943,52.902
GLPK_CMD,dual,8,9,10.977345943450928,52.902
COIN_CMD,primal,8,9,0.47946786880493164,52.902045
COIN_CMD,dual,8,9,22.317498922348022,52.902045
COIN_CMD,barrier,8,9,53.75870490074158,52.902045
CPLEX_PY,primal,9,0,8.94343876838684,52.902044959440424
CPLEX_PY,dual,9,0,8.576176881790161,52.902044959440424
CPLEX_PY,barrier,9,0,16.446709871292114,52.902044959440424
GUROBI,primal,9,0,0.26340508460998535,52.902044959440396
GUROBI,dual,9,0,0.27802610397338867,52.9020449594404
GUROBI,barrier,9,0,0.4441862106323242,52.9020449594404
HiGHS_CMD,primal,9,0,1.7459630966186523,52.9020449594524
HiGHS_CMD,dual,9,0,1.168787956237793,52.9020449594524
HiGHS_CMD,barrier,9,0,0.7745661735534668,52.9020449594524
GLPK_CMD,primal,9,0,1.0550627708435059,52.902
GLPK_CMD,dual,9,0,11.925650835037231,52.902
COIN_CMD,primal,9,0,0.5520930290222168,52.902045
COIN_CMD,dual,9,0,12.08393406867981,52.902045
COIN_CMD,barrier,9,0,64.95194792747498,52.902045
CPLEX_PY,primal,9,1,11.7394700050354,52.902044959440396
CPLEX_PY,dual,9,1,12.653232097625732,52.902044959440396
CPLEX_PY,barrier,9,1,8.438568115234375,52.902044959440396
GUROBI,primal,9,1,0.2720808982849121,52.902044959440396
GUROBI,dual,9,1,0.30568695068359375,52.90204495944041
GUROBI,barrier,9,1,0.9077832698822021,52.902044959440396
HiGHS_CMD,primal,9,1,1.771054983139038,52.9020449594524
HiGHS_CMD,dual,9,1,0.8756570816040039,52.9020449594524
HiGHS_CMD,barrier,9,1,0.7974581718444824,52.9020449594524
GLPK_CMD,primal,9,1,0.9586970806121826,52.902
GLPK_CMD,dual,9,1,9.367748975753784,52.902
COIN_CMD,primal,9,1,0.6601130962371826,52.902045
COIN_CMD,dual,9,1,5.573312044143677,52.902045
COIN_CMD,barrier,9,1,2.7536110877990723,52.902049
CPLEX_PY,primal,9,2,32.097841024398804,52.9020449594404
CPLEX_PY,dual,9,2,10.166530132293701,52.9020449594404
CPLEX_PY,barrier,9,2,9.029263019561768,52.9020449594404
GUROBI,primal,9,2,0.2358262538909912,52.9020449594404
GUROBI,dual,9,2,0.2671511173248291,52.9020449594404
GUROBI,barrier,9,2,0.7208042144775391,52.90204495944015
HiGHS_CMD,primal,9,2,1.3211052417755127,52.9020449594524
HiGHS_CMD,dual,9,2,0.8601219654083252,52.9020449594551
HiGHS_CMD,barrier,9,2,0.7524619102478027,52.9020449594524
GLPK_CMD,primal,9,2,0.8690409660339355,52.902
GLPK_CMD,dual,9,2,8.304966926574707,52.902
COIN_CMD,primal,9,2,0.544543981552124,52.902045
COIN_CMD,dual,9,2,2.35048508644104,52.902045
COIN_CMD,barrier,9,2,5.340543985366821,52.902045
CPLEX_PY,primal,9,3,33.672065019607544,52.902044959440396
CPLEX_PY,dual,9,3,33.06999206542969,52.902044959440396
CPLEX_PY,barrier,9,3,12.576154947280884,52.902044959440396
GUROBI,primal,9,3,0.2597019672393799,52.9020449594404
GUROBI,dual,9,3,0.29494309425354004,52.902044959440396
GUROBI,barrier,9,3,0.5567338466644287,52.9020449594404
HiGHS_CMD,primal,9,3,1.7378780841827393,52.9020449594525
HiGHS_CMD,dual,9,3,0.8592791557312012,52.9020449594519
HiGHS_CMD,barrier,9,3,0.7924418449401855,52.9020449594524
GLPK_CMD,primal,9,3,0.9774670600891113,52.902
GLPK_CMD,dual,9,3,15.758929967880249,52.902
COIN_CMD,primal,9,3,0.6081631183624268,52.902045
COIN_CMD,barrier,9,3,13.5564706325531,52.902045
CPLEX_PY,primal,9,4,23.28400182723999,52.902044959440396
CPLEX_PY,dual,9,4,9.995942831039429,52.902044959440396
CPLEX_PY,barrier,9,4,6.5722880363464355,52.902044959440396
GUROBI,primal,9,4,0.25501489639282227,52.902044959440396
GUROBI,dual,9,4,0.2604799270629883,52.9020449594404
GUROBI,barrier,9,4,0.4810471534729004,52.902044959441255
HiGHS_CMD,primal,9,4,1.3788630962371826,52.9020449594524
HiGHS_CMD,dual,9,4,1.1951658725738525,52.9020449594524
HiGHS_CMD,barrier,9,4,0.815791130065918,52.9020449594524
GLPK_CMD,primal,9,4,0.82961106300354,52.902
GLPK_CMD,dual,9,4,17.642071962356567,52.902
COIN_CMD,primal,9,4,0.6045899391174316,52.902045
COIN_CMD,dual,9,4,6.4718918800354,52.902045
COIN_CMD,barrier,9,4,10.606722831726074,52.902045
CPLEX_PY,primal,9,5,12.569334030151367,52.90204495944039
CPLEX_PY,dual,9,5,39.581993103027344,52.90204495944039
CPLEX_PY,barrier,9,5,11.605524063110352,52.90204495944039
GUROBI,primal,9,5,0.26887989044189453,52.9020449594404
GUROBI,dual,9,5,0.30899596214294434,52.9020449594404
GUROBI,barrier,9,5,0.6603338718414307,52.9020449594404
HiGHS_CMD,primal,9,5,1.4984710216522217,52.9020449594524
HiGHS_CMD,dual,9,5,0.9349429607391357,52.9020449594524
HiGHS_CMD,barrier,9,5,0.8454611301422119,52.9020449594524
GLPK_CMD,primal,9,5,0.9116358757019043,52.902
GLPK_CMD,dual,9,5,11.051482915878296,52.902
COIN_CMD,primal,9,5,0.6047539710998535,52.902045
COIN_CMD,dual,9,5,2.6056020259857178,52.902045
COIN_CMD,barrier,9,5,6.766849994659424,52.902045
CPLEX_PY,primal,9,6,52.24502611160278,52.902044959440396
CPLEX_PY,dual,9,6,11.865112066268921,52.902044959440396
CPLEX_PY,barrier,9,6,8.773168087005615,52.902044959440396
GUROBI,primal,9,6,0.281940221786499,52.9020449594404
GUROBI,dual,9,6,0.31087589263916016,52.90204495944039
GUROBI,barrier,9,6,0.45696306228637695,52.9020449594404
HiGHS_CMD,primal,9,6,1.7126469612121582,52.9020449594524
HiGHS_CMD,dual,9,6,0.8842589855194092,52.9020449594524
HiGHS_CMD,barrier,9,6,0.8853979110717773,52.9020449594524
GLPK_CMD,primal,9,6,1.1661067008972168,52.902
GLPK_CMD,dual,9,6,13.14423394203186,52.902
COIN_CMD,primal,9,6,0.5730352401733398,52.902045
COIN_CMD,dual,9,6,5.300736904144287,52.902045
COIN_CMD,barrier,9,6,8.832694053649902,52.902059
CPLEX_PY,primal,9,7,12.579746007919312,52.9020449594404
CPLEX_PY,dual,9,7,41.67365288734436,52.9020449594404
CPLEX_PY,barrier,9,7,9.962728023529053,52.9020449594404
GUROBI,primal,9,7,0.23790216445922852,52.902044959440396
GUROBI,dual,9,7,0.26559901237487793,52.902044959440396
GUROBI,barrier,9,7,0.8640210628509521,52.9020449594404
HiGHS_CMD,primal,9,7,1.792126178741455,52.9020449594524
HiGHS_CMD,dual,9,7,1.1041839122772217,52.9020449594524
HiGHS_CMD,barrier,9,7,0.7480859756469727,52.9020449594524
GLPK_CMD,primal,9,7,0.8439180850982666,52.902
GLPK_CMD,dual,9,7,17.033702850341797,52.902
COIN_CMD,primal,9,7,0.5223729610443115,52.902045
COIN_CMD,dual,9,7,8.23177194595337,52.902045
CPLEX_PY,primal,9,8,27.63770318031311,52.9020449594404
CPLEX_PY,dual,9,8,8.972434997558594,52.9020449594404
CPLEX_PY,barrier,9,8,9.076270818710327,52.9020449594404
GUROBI,primal,9,8,0.2806830406188965,52.9020449594404
GUROBI,dual,9,8,0.3124852180480957,52.9020449594404
GUROBI,barrier,9,8,0.7764239311218262,52.9020449594404
HiGHS_CMD,primal,9,8,2.322685956954956,52.9020449594525
HiGHS_CMD,dual,9,8,1.5486669540405273,52.9020449594525
HiGHS_CMD,barrier,9,8,1.2383558750152588,52.9020449594524
GLPK_CMD,primal,9,8,1.098743200302124,52.902
GLPK_CMD,dual,9,8,23.08186411857605,52.902
COIN_CMD,primal,9,8,0.5420160293579102,52.902045
COIN_CMD,dual,9,8,5.0107080936431885,52.902045
COIN_CMD,barrier,9,8,6.423669099807739,52.902045
CPLEX_PY,primal,9,9,47.073343992233276,52.902044959440396
CPLEX_PY,dual,9,9,11.085022926330566,52.902044959440396
CPLEX_PY,barrier,9,9,10.118520021438599,52.902044959440396
GUROBI,primal,9,9,0.2433629035949707,52.9020449594404
GUROBI,dual,9,9,0.23687314987182617,52.9020449594404
GUROBI,barrier,9,9,0.9517669677734375,52.9020449594404
HiGHS_CMD,primal,9,9,1.4137167930603027,52.9020449594524
HiGHS_CMD,dual,9,9,0.8528523445129395,52.9020449594524
HiGHS_CMD,barrier,9,9,0.7131540775299072,52.9020449594524
GLPK_CMD,primal,9,9,0.7404720783233643,52.902
GLPK_CMD,dual,9,9,6.677918910980225,52.902
COIN_CMD,primal,9,9,0.4399271011352539,52.902045
COIN_CMD,dual,9,9,1.996758222579956,52.902045
COIN_CMD,barrier,9,9,15.184263944625854,52.902045
CPLEX_PY,primal,10,0,24.64613389968872,52.902044959440396
CPLEX_PY,dual,10,0,7.2906787395477295,52.902044959440396
CPLEX_PY,barrier,10,0,9.113662958145142,52.902044959440396
GUROBI,primal,10,0,0.27636218070983887,52.9020449594404
GUROBI,dual,10,0,0.3084371089935303,52.9020449594404
GUROBI,barrier,10,0,0.550349235534668,52.9020449594404
HiGHS_CMD,primal,10,0,2.0085318088531494,52.9020449594524
HiGHS_CMD,dual,10,0,1.4384040832519531,52.9020449594524
HiGHS_CMD,barrier,10,0,1.040219783782959,52.9020449594524
GLPK_CMD,primal,10,0,0.9978570938110352,52.902
GLPK_CMD,dual,10,0,14.464099168777466,52.902
COIN_CMD,primal,10,0,0.6163182258605957,52.902045
COIN_CMD,dual,10,0,11.730564832687378,52.902045
COIN_CMD,barrier,10,0,2.894969940185547,52.902045
CPLEX_PY,primal,10,1,7.345952033996582,52.9020449594404
CPLEX_PY,dual,10,1,8.627191066741943,52.9020449594404
CPLEX_PY,barrier,10,1,11.926807165145874,52.9020449594404
GUROBI,primal,10,1,0.3004469871520996,52.90204495944041
GUROBI,dual,10,1,0.3203718662261963,52.902044959440396
GUROBI,barrier,10,1,0.8712172508239746,52.9020449594404
HiGHS_CMD,primal,10,1,1.957240104675293,52.9020449594524
HiGHS_CMD,dual,10,1,1.2137069702148438,52.9020449594524
HiGHS_CMD,barrier,10,1,0.915661096572876,52.9020449594524
GLPK_CMD,primal,10,1,1.207707166671753,52.902
GLPK_CMD,dual,10,1,19.62645196914673,52.902
COIN_CMD,primal,10,1,0.6432449817657471,52.902045
COIN_CMD,dual,10,1,6.817706108093262,52.902045
COIN_CMD,barrier,10,1,10.574086904525757,52.902045
CPLEX_PY,primal,10,2,53.234716176986694,52.902044959440396
CPLEX_PY,dual,10,2,10.587383031845093,52.902044959440396
CPLEX_PY,barrier,10,2,11.841817140579224,52.902044959440396
GUROBI,primal,10,2,0.2886159420013428,52.90204495944039
GUROBI,dual,10,2,0.32050108909606934,52.90204495944041
GUROBI,barrier,10,2,0.9008712768554688,52.9020449594404
HiGHS_CMD,primal,10,2,1.8265438079833984,52.9020449594524
HiGHS_CMD,dual,10,2,1.1563880443572998,52.9020449594524
HiGHS_CMD,barrier,10,2,0.9035491943359375,52.9020449594524
GLPK_CMD,primal,10,2,1.0090081691741943,52.902
GLPK_CMD,dual,10,2,18.02918004989624,52.902
COIN_CMD,primal,10,2,0.5735790729522705,52.902045
COIN_CMD,dual,10,2,5.161518096923828,52.902045
CPLEX_PY,primal,10,3,32.27434802055359,52.9020449594404
CPLEX_PY,dual,10,3,11.159855842590332,52.9020449594404
CPLEX_PY,barrier,10,3,5.730654954910278,52.9020449594404
GUROBI,primal,10,3,0.2865769863128662,52.9020449594404
GUROBI,dual,10,3,0.3107261657714844,52.9020449594404
GUROBI,barrier,10,3,0.9192850589752197,52.90204495944039
HiGHS_CMD,primal,10,3,2.3395588397979736,52.9020449594524
HiGHS_CMD,dual,10,3,1.0682461261749268,52.9020449594524
HiGHS_CMD,barrier,10,3,0.8830809593200684,52.9020449594524
GLPK_CMD,primal,10,3,1.2725141048431396,52.902
GLPK_CMD,dual,10,3,18.883230924606323,52.902
COIN_CMD,primal,10,3,0.5926878452301025,52.902045
COIN_CMD,dual,10,3,6.064368963241577,52.902045
COIN_CMD,barrier,10,3,7.762318849563599,52.902048
CPLEX_PY,primal,10,4,13.862717866897583,52.902044959440396
CPLEX_PY,dual,10,4,54.80926585197449,52.902044959440396
CPLEX_PY,barrier,10,4,10.12498927116394,52.902044959440396
GUROBI,primal,10,4,0.29448413848876953,52.9020449594404
GUROBI,dual,10,4,0.3491332530975342,52.902044959440396
GUROBI,barrier,10,4,1.1554443836212158,52.902044959440396
HiGHS_CMD,primal,10,4,2.09768009185791,52.9020449594524
HiGHS_CMD,dual,10,4,2.096327066421509,52.9020449594524
HiGHS_CMD,barrier,10,4,0.8873209953308105,52.9020449594524
GLPK_CMD,primal,10,4,1.4294719696044922,52.902
GLPK_CMD,dual,10,4,18.304960012435913,52.902
COIN_CMD,primal,10,4,0.6112828254699707,52.902045
COIN_CMD,dual,10,4,5.371699333190918,52.902045
COIN_CMD,barrier,10,4,15.86253809928894,52.902045
CPLEX_PY,primal,10,5,9.490909099578857,52.902044959440396
CPLEX_PY,dual,10,5,7.176831960678101,52.902044959440396
CPLEX_PY,barrier,10,5,7.303897857666016,52.902044959440396
GUROBI,primal,10,5,0.26917600631713867,52.9020449594404
GUROBI,dual,10,5,0.28713321685791016,52.902044959440396
GUROBI,barrier,10,5,0.7471880912780762,52.902044959440396
HiGHS_CMD,primal,10,5,2.461958885192871,52.9020449594524
HiGHS_CMD,dual,10,5,2.322206974029541,52.9020449594524
HiGHS_CMD,barrier,10,5,1.8899188041687012,52.9020449594525
GLPK_CMD,primal,10,5,0.8451859951019287,52.902
GLPK_CMD,dual,10,5,17.009871244430542,52.902
COIN_CMD,primal,10,5,0.6680989265441895,52.902045
COIN_CMD,dual,10,5,4.671474933624268,52.902045
COIN_CMD,barrier,10,5,154.20739006996155,52.902045
CPLEX_PY,primal,10,6,14.84958791732788,52.90204495944039
CPLEX_PY,dual,10,6,14.053616046905518,52.90204495944039
CPLEX_PY,barrier,10,6,15.7745840549469,52.90204495944039
GUROBI,primal,10,6,0.3005869388580322,52.90204495944043
GUROBI,dual,10,6,0.32306814193725586,52.9020449594404
GUROBI,barrier,10,6,0.9981439113616943,52.902044959440424
HiGHS_CMD,primal,10,6,3.356019973754883,52.9020449594524
HiGHS_CMD,dual,10,6,2.243433952331543,52.9020449594524
HiGHS_CMD,barrier,10,6,7.757666110992432,52.9020449594524
GLPK_CMD,primal,10,6,1.1266601085662842,52.902
GLPK_CMD,dual,10,6,24.006605863571167,52.902
COIN_CMD,primal,10,6,0.6113967895507812,52.902045
COIN_CMD,dual,10,6,13.70591402053833,52.902045
COIN_CMD,barrier,10,6,7.323652029037476,52.902045
CPLEX_PY,primal,10,7,27.986488819122314,52.902044959440396
CPLEX_PY,dual,10,7,9.905169010162354,52.902044959440396
CPLEX_PY,barrier,10,7,7.22766900062561,52.902044959440396
GUROBI,primal,10,7,0.3123900890350342,52.902044959440396
GUROBI,dual,10,7,0.3290731906890869,52.9020449594404
GUROBI,barrier,10,7,1.427513837814331,52.902044959440396
HiGHS_CMD,primal,10,7,2.1336798667907715,52.9020449594524
HiGHS_CMD,dual,10,7,1.3998479843139648,52.9020449594524
HiGHS_CMD,barrier,10,7,1.2095820903778076,52.9020449594524
GLPK_CMD,primal,10,7,1.140636920928955,52.902
GLPK_CMD,dual,10,7,16.14656114578247,52.902
COIN_CMD,primal,10,7,0.7612290382385254,52.902045
COIN_CMD,dual,10,7,4.643097877502441,52.902045
COIN_CMD,barrier,10,7,373.8998942375183,52.902045
CPLEX_PY,primal,10,8,37.13447284698486,52.9020449594404
CPLEX_PY,dual,10,8,36.08916401863098,52.9020449594404
CPLEX_PY,barrier,10,8,32.63262915611267,52.9020449594404
GUROBI,primal,10,8,0.30088210105895996,52.9020449594404
GUROBI,dual,10,8,0.33971667289733887,52.9020449594404
GUROBI,barrier,10,8,0.648338794708252,52.902044959440396
HiGHS_CMD,primal,10,8,2.6816558837890625,52.9020449594524
HiGHS_CMD,dual,10,8,1.210541009902954,52.9020449594524
HiGHS_CMD,barrier,10,8,0.9319000244140625,52.9020449594524
GLPK_CMD,primal,10,8,1.1692919731140137,52.902
GLPK_CMD,dual,10,8,17.991803884506226,52.902
COIN_CMD,primal,10,8,0.6499326229095459,52.902045
COIN_CMD,dual,10,8,30.5279541015625,52.902045
COIN_CMD,barrier,10,8,12.450533151626587,52.902045
CPLEX_PY,primal,10,9,44.01702117919922,52.902044959440396
CPLEX_PY,dual,10,9,35.25320315361023,52.902044959440396
CPLEX_PY,barrier,10,9,36.53709697723389,52.902044959440396
GUROBI,primal,10,9,0.25499892234802246,52.902044959440396
GUROBI,dual,10,9,0.29336118698120117,52.902044959440396
GUROBI,barrier,10,9,0.8136839866638184,52.902044959440396
HiGHS_CMD,primal,10,9,1.3816897869110107,52.9020449594524
HiGHS_CMD,dual,10,9,0.8248841762542725,52.9020449594524
HiGHS_CMD,barrier,10,9,0.7559196949005127,52.9020449594524
GLPK_CMD,primal,10,9,0.9685070514678955,52.902
GLPK_CMD,dual,10,9,10.292991876602173,52.902
COIN_CMD,primal,10,9,0.5023238658905029,52.902045
COIN_CMD,dual,10,9,1.691366195678711,52.902045
COIN_CMD,barrier,10,9,13.15047001838684,52.902045
