interface	model	lpmethod	replicate	value	time
CPLEX_PY	iLJ478	primal	0	0.1773033816015399	0.026492834091186523
CPLEX_PY	iLJ478	dual	0	0.1773033816015399	0.020121097564697266
CPLEX_PY	iLJ478	barrier	0	0.1773033816015399	0.02009415626525879
GUROBI	iLJ478	primal	0	0.17730338160153947	0.014259815216064453
GUROBI	iLJ478	dual	0	0.17730338160154036	0.013370990753173828
GUROBI	iLJ478	barrier	0	0.17730338160153947	0.017522335052490234
SCIP_CMD	iLJ478	primal	0	0.17730338160154	0.11111307144165039
SCIP_CMD	iLJ478	dual	0	0.17730338160154	0.07644200325012207
SCIP_CMD	iLJ478	barrier	0	0.17730338160154	0.07644295692443848
HiGHS_CMD	iLJ478	primal	0	0.1773033816015	0.05696702003479004
HiGHS_CMD	iLJ478	dual	0	0.1773033816015	0.03614997863769531
HiGHS_CMD	iLJ478	barrier	0	0.1773033816015	0.0429990291595459
GLPK_CMD	iLJ478	primal	0	0.177303	0.03567194938659668
GLPK_CMD	iLJ478	dual	0	0.177303	0.03426480293273926
GLPK_CMD	iLJ478	barrier	0		0.04349017143249512
COIN_CMD	iLJ478	primal	0	0.17730338	0.08821225166320801
COIN_CMD	iLJ478	dual	0	0.17730338	0.048375606536865234
COIN_CMD	iLJ478	barrier	0	0.17730338	0.052133798599243164
CPLEX_PY	iLJ478	primal	1	0.1773033816015399	0.022014856338500977
CPLEX_PY	iLJ478	dual	1	0.1773033816015399	0.020721912384033203
CPLEX_PY	iLJ478	barrier	1	0.1773033816015399	0.02064228057861328
GUROBI	iLJ478	primal	1	0.17730338160153947	0.013385295867919922
GUROBI	iLJ478	dual	1	0.17730338160154036	0.013693809509277344
GUROBI	iLJ478	barrier	1	0.17730338160153947	0.016588926315307617
SCIP_CMD	iLJ478	primal	1	0.17730338160154	0.07459783554077148
SCIP_CMD	iLJ478	dual	1	0.17730338160154	0.07427716255187988
SCIP_CMD	iLJ478	barrier	1	0.17730338160154	0.0763859748840332
HiGHS_CMD	iLJ478	primal	1	0.1773033816015	0.03875303268432617
HiGHS_CMD	iLJ478	dual	1	0.1773033816015	0.03670620918273926
HiGHS_CMD	iLJ478	barrier	1	0.1773033816015	0.041692256927490234
GLPK_CMD	iLJ478	primal	1	0.177303	0.03456997871398926
GLPK_CMD	iLJ478	dual	1	0.177303	0.04296088218688965
GLPK_CMD	iLJ478	barrier	1		0.043813228607177734
COIN_CMD	iLJ478	primal	1	0.17730338	0.04929518699645996
COIN_CMD	iLJ478	dual	1	0.17730338	0.04623842239379883
COIN_CMD	iLJ478	barrier	1	0.17730338	0.053069114685058594
CPLEX_PY	iLJ478	primal	2	0.1773033816015399	0.021831035614013672
CPLEX_PY	iLJ478	dual	2	0.1773033816015399	0.021600961685180664
CPLEX_PY	iLJ478	barrier	2	0.1773033816015399	0.020826101303100586
GUROBI	iLJ478	primal	2	0.17730338160153947	0.013679981231689453
GUROBI	iLJ478	dual	2	0.17730338160154036	0.013761043548583984
GUROBI	iLJ478	barrier	2	0.17730338160153947	0.0157928466796875
SCIP_CMD	iLJ478	primal	2	0.17730338160154	0.07748985290527344
SCIP_CMD	iLJ478	dual	2	0.17730338160154	0.07761287689208984
SCIP_CMD	iLJ478	barrier	2	0.17730338160154	0.07670807838439941
HiGHS_CMD	iLJ478	primal	2	0.1773033816015	0.03890204429626465
HiGHS_CMD	iLJ478	dual	2	0.1773033816015	0.03737998008728027
HiGHS_CMD	iLJ478	barrier	2	0.1773033816015	0.041758060455322266
GLPK_CMD	iLJ478	primal	2	0.177303	0.03568887710571289
GLPK_CMD	iLJ478	dual	2	0.177303	0.0495753288269043
GLPK_CMD	iLJ478	barrier	2		0.04293417930603027
COIN_CMD	iLJ478	primal	2	0.17730338	0.047940969467163086
COIN_CMD	iLJ478	dual	2	0.17730338	0.04655623435974121
COIN_CMD	iLJ478	barrier	2	0.17730338	0.05374598503112793
CPLEX_PY	iLJ478	primal	3	0.1773033816015399	0.022468090057373047
CPLEX_PY	iLJ478	dual	3	0.1773033816015399	0.020815134048461914
CPLEX_PY	iLJ478	barrier	3	0.1773033816015399	0.02077007293701172
GUROBI	iLJ478	primal	3	0.17730338160153947	0.014416933059692383
GUROBI	iLJ478	dual	3	0.17730338160154036	0.013182878494262695
GUROBI	iLJ478	barrier	3	0.17730338160153947	0.016251087188720703
SCIP_CMD	iLJ478	primal	3	0.17730338160154	0.0759739875793457
SCIP_CMD	iLJ478	dual	3	0.17730338160154	0.0762641429901123
SCIP_CMD	iLJ478	barrier	3	0.17730338160154	0.0747220516204834
HiGHS_CMD	iLJ478	primal	3	0.1773033816015	0.03804588317871094
HiGHS_CMD	iLJ478	dual	3	0.1773033816015	0.03695106506347656
HiGHS_CMD	iLJ478	barrier	3	0.1773033816015	0.04196524620056152
GLPK_CMD	iLJ478	primal	3	0.177303	0.035308122634887695
GLPK_CMD	iLJ478	dual	3	0.177303	0.035372018814086914
GLPK_CMD	iLJ478	barrier	3		0.04214811325073242
COIN_CMD	iLJ478	primal	3	0.17730338	0.04849386215209961
COIN_CMD	iLJ478	dual	3	0.17730338	0.049310922622680664
COIN_CMD	iLJ478	barrier	3	0.17730338	0.05225539207458496
CPLEX_PY	iLJ478	primal	4	0.1773033816015399	0.022255897521972656
CPLEX_PY	iLJ478	dual	4	0.1773033816015399	0.020949840545654297
CPLEX_PY	iLJ478	barrier	4	0.1773033816015399	0.020381927490234375
GUROBI	iLJ478	primal	4	0.17730338160153947	0.014239072799682617
GUROBI	iLJ478	dual	4	0.17730338160154036	0.013508081436157227
GUROBI	iLJ478	barrier	4	0.17730338160153947	0.016295194625854492
SCIP_CMD	iLJ478	primal	4	0.17730338160154	0.07709479331970215
SCIP_CMD	iLJ478	dual	4	0.17730338160154	0.07450509071350098
SCIP_CMD	iLJ478	barrier	4	0.17730338160154	0.0764009952545166
HiGHS_CMD	iLJ478	primal	4	0.1773033816015	0.03890681266784668
HiGHS_CMD	iLJ478	dual	4	0.1773033816015	0.03630709648132324
HiGHS_CMD	iLJ478	barrier	4	0.1773033816015	0.04156994819641113
GLPK_CMD	iLJ478	primal	4	0.177303	0.033579111099243164
GLPK_CMD	iLJ478	dual	4	0.177303	0.0371708869934082
GLPK_CMD	iLJ478	barrier	4		0.04249286651611328
COIN_CMD	iLJ478	primal	4	0.17730338	0.0500330924987793
COIN_CMD	iLJ478	dual	4	0.17730338	0.04943203926086426
COIN_CMD	iLJ478	barrier	4	0.17730338	0.05415511131286621
CPLEX_PY	iLJ478	primal	5	0.1773033816015399	0.021785974502563477
CPLEX_PY	iLJ478	dual	5	0.1773033816015399	0.021712064743041992
CPLEX_PY	iLJ478	barrier	5	0.1773033816015399	0.02053999900817871
GUROBI	iLJ478	primal	5	0.17730338160153947	0.013924121856689453
GUROBI	iLJ478	dual	5	0.17730338160154036	0.013892173767089844
GUROBI	iLJ478	barrier	5	0.17730338160153947	0.015836000442504883
SCIP_CMD	iLJ478	primal	5	0.17730338160154	0.0773918628692627
SCIP_CMD	iLJ478	dual	5	0.17730338160154	0.07736015319824219
SCIP_CMD	iLJ478	barrier	5	0.17730338160154	0.07918477058410645
HiGHS_CMD	iLJ478	primal	5	0.1773033816015	0.038244009017944336
HiGHS_CMD	iLJ478	dual	5	0.1773033816015	0.03622603416442871
HiGHS_CMD	iLJ478	barrier	5	0.1773033816015	0.04660987854003906
GLPK_CMD	iLJ478	primal	5	0.177303	0.0336918830871582
GLPK_CMD	iLJ478	dual	5	0.177303	0.036818742752075195
GLPK_CMD	iLJ478	barrier	5		0.04202699661254883
COIN_CMD	iLJ478	primal	5	0.17730338	0.04881119728088379
COIN_CMD	iLJ478	dual	5	0.17730338	0.055058956146240234
COIN_CMD	iLJ478	barrier	5	0.17730338	0.051483154296875
CPLEX_PY	iLJ478	primal	6	0.1773033816015399	0.02227187156677246
CPLEX_PY	iLJ478	dual	6	0.1773033816015399	0.020392894744873047
CPLEX_PY	iLJ478	barrier	6	0.1773033816015399	0.02072882652282715
GUROBI	iLJ478	primal	6	0.17730338160153947	0.013629913330078125
GUROBI	iLJ478	dual	6	0.17730338160154036	0.014413118362426758
GUROBI	iLJ478	barrier	6	0.17730338160153947	0.016251802444458008
SCIP_CMD	iLJ478	primal	6	0.17730338160154	0.07717084884643555
SCIP_CMD	iLJ478	dual	6	0.17730338160154	0.07683992385864258
SCIP_CMD	iLJ478	barrier	6	0.17730338160154	0.07587194442749023
HiGHS_CMD	iLJ478	primal	6	0.1773033816015	0.03727293014526367
HiGHS_CMD	iLJ478	dual	6	0.1773033816015	0.03685784339904785
HiGHS_CMD	iLJ478	barrier	6	0.1773033816015	0.04217123985290527
GLPK_CMD	iLJ478	primal	6	0.177303	0.035765886306762695
GLPK_CMD	iLJ478	dual	6	0.177303	0.035512685775756836
GLPK_CMD	iLJ478	barrier	6		0.04210376739501953
COIN_CMD	iLJ478	primal	6	0.17730338	0.047986745834350586
COIN_CMD	iLJ478	dual	6	0.17730338	0.04923892021179199
COIN_CMD	iLJ478	barrier	6	0.17730338	0.05186581611633301
CPLEX_PY	iLJ478	primal	7	0.1773033816015399	0.022604703903198242
CPLEX_PY	iLJ478	dual	7	0.1773033816015399	0.020656108856201172
CPLEX_PY	iLJ478	barrier	7	0.1773033816015399	0.020860910415649414
GUROBI	iLJ478	primal	7	0.17730338160153947	0.04493999481201172
GUROBI	iLJ478	dual	7	0.17730338160154036	0.013972997665405273
GUROBI	iLJ478	barrier	7	0.17730338160153947	0.016058921813964844
SCIP_CMD	iLJ478	primal	7	0.17730338160154	0.07674312591552734
SCIP_CMD	iLJ478	dual	7	0.17730338160154	0.07630014419555664
SCIP_CMD	iLJ478	barrier	7	0.17730338160154	0.07812905311584473
HiGHS_CMD	iLJ478	primal	7	0.1773033816015	0.03771495819091797
HiGHS_CMD	iLJ478	dual	7	0.1773033816015	0.03665566444396973
HiGHS_CMD	iLJ478	barrier	7	0.1773033816015	0.04217100143432617
GLPK_CMD	iLJ478	primal	7	0.177303	0.03240084648132324
GLPK_CMD	iLJ478	dual	7	0.177303	0.03668689727783203
GLPK_CMD	iLJ478	barrier	7		0.040400028228759766
COIN_CMD	iLJ478	primal	7	0.17730338	0.04651498794555664
COIN_CMD	iLJ478	dual	7	0.17730338	0.04761171340942383
COIN_CMD	iLJ478	barrier	7	0.17730338	0.05207395553588867
CPLEX_PY	iLJ478	primal	8	0.1773033816015399	0.02224588394165039
CPLEX_PY	iLJ478	dual	8	0.1773033816015399	0.02098703384399414
CPLEX_PY	iLJ478	barrier	8	0.1773033816015399	0.020857810974121094
GUROBI	iLJ478	primal	8	0.17730338160153947	0.014244794845581055
GUROBI	iLJ478	dual	8	0.17730338160154036	0.01342010498046875
GUROBI	iLJ478	barrier	8	0.17730338160153947	0.01703810691833496
SCIP_CMD	iLJ478	primal	8	0.17730338160154	0.07776212692260742
SCIP_CMD	iLJ478	dual	8	0.17730338160154	0.07596731185913086
SCIP_CMD	iLJ478	barrier	8	0.17730338160154	0.07696318626403809
HiGHS_CMD	iLJ478	primal	8	0.1773033816015	0.037648916244506836
HiGHS_CMD	iLJ478	dual	8	0.1773033816015	0.035825252532958984
HiGHS_CMD	iLJ478	barrier	8	0.1773033816015	0.04250383377075195
GLPK_CMD	iLJ478	primal	8	0.177303	0.04556393623352051
GLPK_CMD	iLJ478	dual	8	0.177303	0.03690385818481445
GLPK_CMD	iLJ478	barrier	8		0.04132485389709473
COIN_CMD	iLJ478	primal	8	0.17730338	0.0476078987121582
COIN_CMD	iLJ478	dual	8	0.17730338	0.04442763328552246
COIN_CMD	iLJ478	barrier	8	0.17730338	0.05149412155151367
CPLEX_PY	iLJ478	primal	9	0.1773033816015399	0.02200007438659668
CPLEX_PY	iLJ478	dual	9	0.1773033816015399	0.02077507972717285
CPLEX_PY	iLJ478	barrier	9	0.1773033816015399	0.02074408531188965
GUROBI	iLJ478	primal	9	0.17730338160153947	0.014034748077392578
GUROBI	iLJ478	dual	9	0.17730338160154036	0.013993978500366211
GUROBI	iLJ478	barrier	9	0.17730338160153947	0.016288042068481445
SCIP_CMD	iLJ478	primal	9	0.17730338160154	0.07742881774902344
SCIP_CMD	iLJ478	dual	9	0.17730338160154	0.07653188705444336
SCIP_CMD	iLJ478	barrier	9	0.17730338160154	0.07651877403259277
HiGHS_CMD	iLJ478	primal	9	0.1773033816015	0.038926124572753906
HiGHS_CMD	iLJ478	dual	9	0.1773033816015	0.038030147552490234
HiGHS_CMD	iLJ478	barrier	9	0.1773033816015	0.042144060134887695
GLPK_CMD	iLJ478	primal	9	0.177303	0.035820960998535156
GLPK_CMD	iLJ478	dual	9	0.177303	0.03603506088256836
GLPK_CMD	iLJ478	barrier	9		0.04078412055969238
COIN_CMD	iLJ478	primal	9	0.17730338	0.048297882080078125
COIN_CMD	iLJ478	dual	9	0.17730338	0.04628109931945801
COIN_CMD	iLJ478	barrier	9	0.17730338	0.05399179458618164
CPLEX_PY	iCN718	primal	0	0.23894922467506674	0.026820659637451172
CPLEX_PY	iCN718	dual	0	0.23894922467506674	0.02460789680480957
CPLEX_PY	iCN718	barrier	0	0.23894922467506674	0.024376869201660156
GUROBI	iCN718	primal	0	0.2389492246750667	0.02190995216369629
GUROBI	iCN718	dual	0	0.2389492246750792	0.05589795112609863
GUROBI	iCN718	barrier	0	0.23894922467506685	0.02507495880126953
SCIP_CMD	iCN718	primal	0	0.238949224675067	0.09703588485717773
SCIP_CMD	iCN718	dual	0	0.238949224675067	0.09601712226867676
SCIP_CMD	iCN718	barrier	0	0.238949224675067	0.09435200691223145
HiGHS_CMD	iCN718	primal	0	0.2389492246751	0.04968404769897461
HiGHS_CMD	iCN718	dual	0	0.2389492246751	0.04720616340637207
HiGHS_CMD	iCN718	barrier	0	0.2389492246751	0.05313301086425781
GLPK_CMD	iCN718	primal	0	0.238949	0.04572796821594238
GLPK_CMD	iCN718	dual	0	0.238949	0.05188775062561035
GLPK_CMD	iCN718	barrier	0		0.04389691352844238
COIN_CMD	iCN718	primal	0	0.23894922	0.059201955795288086
COIN_CMD	iCN718	dual	0	0.23895064	0.06254291534423828
COIN_CMD	iCN718	barrier	0	0.23894922	0.06397390365600586
CPLEX_PY	iCN718	primal	1	0.23894922467506674	0.02633500099182129
CPLEX_PY	iCN718	dual	1	0.23894922467506674	0.024880170822143555
CPLEX_PY	iCN718	barrier	1	0.23894922467506674	0.02544379234313965
GUROBI	iCN718	primal	1	0.2389492246750667	0.021420001983642578
GUROBI	iCN718	dual	1	0.2389492246750792	0.020641088485717773
GUROBI	iCN718	barrier	1	0.23894922467506685	0.02384805679321289
SCIP_CMD	iCN718	primal	1	0.238949224675067	0.09581613540649414
SCIP_CMD	iCN718	dual	1	0.238949224675067	0.09522414207458496
SCIP_CMD	iCN718	barrier	1	0.238949224675067	0.09618616104125977
HiGHS_CMD	iCN718	primal	1	0.2389492246751	0.04958295822143555
HiGHS_CMD	iCN718	dual	1	0.2389492246751	0.04748702049255371
HiGHS_CMD	iCN718	barrier	1	0.2389492246751	0.05457305908203125
GLPK_CMD	iCN718	primal	1	0.238949	0.043840885162353516
GLPK_CMD	iCN718	dual	1	0.238949	0.052342891693115234
GLPK_CMD	iCN718	barrier	1		0.04395794868469238
COIN_CMD	iCN718	primal	1	0.23894922	0.054399967193603516
COIN_CMD	iCN718	dual	1	0.23895064	0.061834096908569336
COIN_CMD	iCN718	barrier	1	0.23894922	0.062309980392456055
CPLEX_PY	iCN718	primal	2	0.23894922467506674	0.026519060134887695
CPLEX_PY	iCN718	dual	2	0.23894922467506674	0.025589942932128906
CPLEX_PY	iCN718	barrier	2	0.23894922467506674	0.024800777435302734
GUROBI	iCN718	primal	2	0.2389492246750667	0.022082090377807617
GUROBI	iCN718	dual	2	0.2389492246750792	0.020467042922973633
GUROBI	iCN718	barrier	2	0.23894922467506685	0.024179935455322266
SCIP_CMD	iCN718	primal	2	0.238949224675067	0.09500312805175781
SCIP_CMD	iCN718	dual	2	0.238949224675067	0.09513068199157715
SCIP_CMD	iCN718	barrier	2	0.238949224675067	0.09334683418273926
HiGHS_CMD	iCN718	primal	2	0.2389492246751	0.04918479919433594
HiGHS_CMD	iCN718	dual	2	0.2389492246751	0.04790139198303223
HiGHS_CMD	iCN718	barrier	2	0.2389492246751	0.052281856536865234
GLPK_CMD	iCN718	primal	2	0.238949	0.044339895248413086
GLPK_CMD	iCN718	dual	2	0.238949	0.050248146057128906
GLPK_CMD	iCN718	barrier	2		0.043985843658447266
COIN_CMD	iCN718	primal	2	0.23894922	0.05603194236755371
COIN_CMD	iCN718	dual	2	0.23895064	0.0606229305267334
COIN_CMD	iCN718	barrier	2	0.23894922	0.06484389305114746
CPLEX_PY	iCN718	primal	3	0.23894922467506674	0.02615523338317871
CPLEX_PY	iCN718	dual	3	0.23894922467506674	0.02513885498046875
CPLEX_PY	iCN718	barrier	3	0.23894922467506674	0.025274991989135742
GUROBI	iCN718	primal	3	0.2389492246750667	0.021261215209960938
GUROBI	iCN718	dual	3	0.2389492246750792	0.021252870559692383
GUROBI	iCN718	barrier	3	0.23894922467506685	0.06424808502197266
SCIP_CMD	iCN718	primal	3	0.238949224675067	0.0959177017211914
SCIP_CMD	iCN718	dual	3	0.238949224675067	0.09548592567443848
SCIP_CMD	iCN718	barrier	3	0.238949224675067	0.0944356918334961
HiGHS_CMD	iCN718	primal	3	0.2389492246751	0.04899191856384277
HiGHS_CMD	iCN718	dual	3	0.2389492246751	0.04746389389038086
HiGHS_CMD	iCN718	barrier	3	0.2389492246751	0.05305910110473633
GLPK_CMD	iCN718	primal	3	0.238949	0.04572701454162598
GLPK_CMD	iCN718	dual	3	0.238949	0.050009965896606445
GLPK_CMD	iCN718	barrier	3		0.04491710662841797
COIN_CMD	iCN718	primal	3	0.23894922	0.055799007415771484
COIN_CMD	iCN718	dual	3	0.23895064	0.06303215026855469
COIN_CMD	iCN718	barrier	3	0.23894922	0.06226301193237305
CPLEX_PY	iCN718	primal	4	0.23894922467506674	0.0261080265045166
CPLEX_PY	iCN718	dual	4	0.23894922467506674	0.025911808013916016
CPLEX_PY	iCN718	barrier	4	0.23894922467506674	0.025219202041625977
GUROBI	iCN718	primal	4	0.2389492246750667	0.02088618278503418
GUROBI	iCN718	dual	4	0.2389492246750792	0.020238637924194336
GUROBI	iCN718	barrier	4	0.23894922467506685	0.024456024169921875
SCIP_CMD	iCN718	primal	4	0.238949224675067	0.09185409545898438
SCIP_CMD	iCN718	dual	4	0.238949224675067	0.09574103355407715
SCIP_CMD	iCN718	barrier	4	0.238949224675067	0.09410691261291504
HiGHS_CMD	iCN718	primal	4	0.2389492246751	0.04810309410095215
HiGHS_CMD	iCN718	dual	4	0.2389492246751	0.04757404327392578
HiGHS_CMD	iCN718	barrier	4	0.2389492246751	0.05457305908203125
GLPK_CMD	iCN718	primal	4	0.238949	0.044965267181396484
GLPK_CMD	iCN718	dual	4	0.238949	0.05217623710632324
GLPK_CMD	iCN718	barrier	4		0.04483199119567871
COIN_CMD	iCN718	primal	4	0.23894922	0.05832099914550781
COIN_CMD	iCN718	dual	4	0.23895064	0.0616912841796875
COIN_CMD	iCN718	barrier	4	0.23894922	0.06334996223449707
CPLEX_PY	iCN718	primal	5	0.23894922467506674	0.026247739791870117
CPLEX_PY	iCN718	dual	5	0.23894922467506674	0.02472996711730957
CPLEX_PY	iCN718	barrier	5	0.23894922467506674	0.02506709098815918
GUROBI	iCN718	primal	5	0.2389492246750667	0.021651268005371094
GUROBI	iCN718	dual	5	0.2389492246750792	0.0209658145904541
GUROBI	iCN718	barrier	5	0.23894922467506685	0.024796009063720703
SCIP_CMD	iCN718	primal	5	0.238949224675067	0.09650492668151855
SCIP_CMD	iCN718	dual	5	0.238949224675067	0.0932769775390625
SCIP_CMD	iCN718	barrier	5	0.238949224675067	0.09445786476135254
HiGHS_CMD	iCN718	primal	5	0.2389492246751	0.04782915115356445
HiGHS_CMD	iCN718	dual	5	0.2389492246751	0.04715299606323242
HiGHS_CMD	iCN718	barrier	5	0.2389492246751	0.05365300178527832
GLPK_CMD	iCN718	primal	5	0.238949	0.08589315414428711
GLPK_CMD	iCN718	dual	5	0.238949	0.051941871643066406
GLPK_CMD	iCN718	barrier	5		0.044384002685546875
COIN_CMD	iCN718	primal	5	0.23894922	0.05445098876953125
COIN_CMD	iCN718	dual	5	0.23895064	0.0630342960357666
COIN_CMD	iCN718	barrier	5	0.23894922	0.06393599510192871
CPLEX_PY	iCN718	primal	6	0.23894922467506674	0.026332855224609375
CPLEX_PY	iCN718	dual	6	0.23894922467506674	0.02543187141418457
CPLEX_PY	iCN718	barrier	6	0.23894922467506674	0.025374889373779297
GUROBI	iCN718	primal	6	0.2389492246750667	0.020972728729248047
GUROBI	iCN718	dual	6	0.2389492246750792	0.020540952682495117
GUROBI	iCN718	barrier	6	0.23894922467506685	0.02530694007873535
SCIP_CMD	iCN718	primal	6	0.238949224675067	0.09419918060302734
SCIP_CMD	iCN718	dual	6	0.238949224675067	0.09254813194274902
SCIP_CMD	iCN718	barrier	6	0.238949224675067	0.09498286247253418
HiGHS_CMD	iCN718	primal	6	0.2389492246751	0.04920196533203125
HiGHS_CMD	iCN718	dual	6	0.2389492246751	0.04850912094116211
HiGHS_CMD	iCN718	barrier	6	0.2389492246751	0.06134605407714844
GLPK_CMD	iCN718	primal	6	0.238949	0.044896841049194336
GLPK_CMD	iCN718	dual	6	0.238949	0.05172300338745117
GLPK_CMD	iCN718	barrier	6		0.04244875907897949
COIN_CMD	iCN718	primal	6	0.23894922	0.05577707290649414
COIN_CMD	iCN718	dual	6	0.23895064	0.057539939880371094
COIN_CMD	iCN718	barrier	6	0.23894922	0.0633540153503418
CPLEX_PY	iCN718	primal	7	0.23894922467506674	0.025961875915527344
CPLEX_PY	iCN718	dual	7	0.23894922467506674	0.026027917861938477
CPLEX_PY	iCN718	barrier	7	0.23894922467506674	0.025417804718017578
GUROBI	iCN718	primal	7	0.2389492246750667	0.021101951599121094
GUROBI	iCN718	dual	7	0.2389492246750792	0.020360946655273438
GUROBI	iCN718	barrier	7	0.23894922467506685	0.024679899215698242
SCIP_CMD	iCN718	primal	7	0.238949224675067	0.09556722640991211
SCIP_CMD	iCN718	dual	7	0.238949224675067	0.09442400932312012
SCIP_CMD	iCN718	barrier	7	0.238949224675067	0.09452080726623535
HiGHS_CMD	iCN718	primal	7	0.2389492246751	0.049160003662109375
HiGHS_CMD	iCN718	dual	7	0.2389492246751	0.04717087745666504
HiGHS_CMD	iCN718	barrier	7	0.2389492246751	0.05454397201538086
GLPK_CMD	iCN718	primal	7	0.238949	0.04470181465148926
GLPK_CMD	iCN718	dual	7	0.238949	0.052446842193603516
GLPK_CMD	iCN718	barrier	7		0.04005599021911621
COIN_CMD	iCN718	primal	7	0.23894922	0.056787967681884766
COIN_CMD	iCN718	dual	7	0.23895064	0.06365180015563965
COIN_CMD	iCN718	barrier	7	0.23894922	0.061038970947265625
CPLEX_PY	iCN718	primal	8	0.23894922467506674	0.026613950729370117
CPLEX_PY	iCN718	dual	8	0.23894922467506674	0.025912046432495117
CPLEX_PY	iCN718	barrier	8	0.23894922467506674	0.0247039794921875
GUROBI	iCN718	primal	8	0.2389492246750667	0.021183013916015625
GUROBI	iCN718	dual	8	0.2389492246750792	0.020657062530517578
GUROBI	iCN718	barrier	8	0.23894922467506685	0.025287866592407227
SCIP_CMD	iCN718	primal	8	0.238949224675067	0.09607720375061035
SCIP_CMD	iCN718	dual	8	0.238949224675067	0.09377217292785645
SCIP_CMD	iCN718	barrier	8	0.238949224675067	0.09460663795471191
HiGHS_CMD	iCN718	primal	8	0.2389492246751	0.04979109764099121
HiGHS_CMD	iCN718	dual	8	0.2389492246751	0.047901153564453125
HiGHS_CMD	iCN718	barrier	8	0.2389492246751	0.05628609657287598
GLPK_CMD	iCN718	primal	8	0.238949	0.043534040451049805
GLPK_CMD	iCN718	dual	8	0.238949	0.05317187309265137
GLPK_CMD	iCN718	barrier	8		0.04400992393493652
COIN_CMD	iCN718	primal	8	0.23894922	0.05773162841796875
COIN_CMD	iCN718	dual	8	0.23895064	0.06358003616333008
COIN_CMD	iCN718	barrier	8	0.23894922	0.06271791458129883
CPLEX_PY	iCN718	primal	9	0.23894922467506674	0.026432037353515625
CPLEX_PY	iCN718	dual	9	0.23894922467506674	0.024728059768676758
CPLEX_PY	iCN718	barrier	9	0.23894922467506674	0.02535724639892578
GUROBI	iCN718	primal	9	0.2389492246750667	0.021432161331176758
GUROBI	iCN718	dual	9	0.2389492246750792	0.021157026290893555
GUROBI	iCN718	barrier	9	0.23894922467506685	0.027051925659179688
SCIP_CMD	iCN718	primal	9	0.238949224675067	0.0950460433959961
SCIP_CMD	iCN718	dual	9	0.238949224675067	0.09391474723815918
SCIP_CMD	iCN718	barrier	9	0.238949224675067	0.09455704689025879
HiGHS_CMD	iCN718	primal	9	0.2389492246751	0.048889875411987305
HiGHS_CMD	iCN718	dual	9	0.2389492246751	0.047363996505737305
HiGHS_CMD	iCN718	barrier	9	0.2389492246751	0.053006887435913086
GLPK_CMD	iCN718	primal	9	0.238949	0.04576706886291504
GLPK_CMD	iCN718	dual	9	0.238949	0.05126309394836426
GLPK_CMD	iCN718	barrier	9		0.044116973876953125
COIN_CMD	iCN718	primal	9	0.23894922	0.05707097053527832
COIN_CMD	iCN718	dual	9	0.23895064	0.06362605094909668
COIN_CMD	iCN718	barrier	9	0.23894922	0.06284379959106445
CPLEX_PY	iMM904	primal	0	0.7174219325653098	0.03784489631652832
CPLEX_PY	iMM904	dual	0	0.7174219325653098	0.036267995834350586
CPLEX_PY	iMM904	barrier	0	0.7174219325653098	0.036286115646362305
GUROBI	iMM904	primal	0	0.7174219325653102	0.03200483322143555
GUROBI	iMM904	dual	0	0.7174219325653098	0.029976844787597656
GUROBI	iMM904	barrier	0	0.7174219325653101	0.04108905792236328
SCIP_CMD	iMM904	primal	0	0.717421932565303	0.11392712593078613
SCIP_CMD	iMM904	dual	0	0.717421932565265	0.11324024200439453
SCIP_CMD	iMM904	barrier	0	0.717421932565265	0.11371636390686035
HiGHS_CMD	iMM904	primal	0	0.7174219325653	0.07507467269897461
HiGHS_CMD	iMM904	dual	0	0.7174219325653	0.06365394592285156
HiGHS_CMD	iMM904	barrier	0	0.7174219325653	0.07602190971374512
GLPK_CMD	iMM904	primal	0	0.717422	0.05702567100524902
GLPK_CMD	iMM904	dual	0	0.717422	0.06421017646789551
GLPK_CMD	iMM904	barrier	0		0.0785517692565918
COIN_CMD	iMM904	primal	0	0.71742193	0.070770263671875
COIN_CMD	iMM904	dual	0	0.71742193	0.07121396064758301
COIN_CMD	iMM904	barrier	0	0.71742193	0.0925908088684082
CPLEX_PY	iMM904	primal	1	0.7174219325653098	0.03867602348327637
CPLEX_PY	iMM904	dual	1	0.7174219325653098	0.03701305389404297
CPLEX_PY	iMM904	barrier	1	0.7174219325653098	0.03655195236206055
GUROBI	iMM904	primal	1	0.7174219325653102	0.031075000762939453
GUROBI	iMM904	dual	1	0.7174219325653098	0.03168177604675293
GUROBI	iMM904	barrier	1	0.7174219325653101	0.04045510292053223
SCIP_CMD	iMM904	primal	1	0.717421932565303	0.11422204971313477
SCIP_CMD	iMM904	dual	1	0.717421932565265	0.10816383361816406
SCIP_CMD	iMM904	barrier	1	0.717421932565265	0.11128902435302734
HiGHS_CMD	iMM904	primal	1	0.7174219325653	0.0732269287109375
HiGHS_CMD	iMM904	dual	1	0.7174219325653	0.06434202194213867
HiGHS_CMD	iMM904	barrier	1	0.7174219325653	0.0762948989868164
GLPK_CMD	iMM904	primal	1	0.717422	0.059497833251953125
GLPK_CMD	iMM904	dual	1	0.717422	0.06532001495361328
GLPK_CMD	iMM904	barrier	1		0.08337616920471191
COIN_CMD	iMM904	primal	1	0.71742193	0.07094192504882812
COIN_CMD	iMM904	dual	1	0.71742193	0.07006692886352539
COIN_CMD	iMM904	barrier	1	0.71742193	0.09304499626159668
CPLEX_PY	iMM904	primal	2	0.7174219325653098	0.03937697410583496
CPLEX_PY	iMM904	dual	2	0.7174219325653098	0.03794503211975098
CPLEX_PY	iMM904	barrier	2	0.7174219325653098	0.037719011306762695
GUROBI	iMM904	primal	2	0.7174219325653102	0.032051801681518555
GUROBI	iMM904	dual	2	0.7174219325653098	0.031347036361694336
GUROBI	iMM904	barrier	2	0.7174219325653101	0.03995084762573242
SCIP_CMD	iMM904	primal	2	0.717421932565303	0.11064004898071289
SCIP_CMD	iMM904	dual	2	0.717421932565265	0.11237883567810059
SCIP_CMD	iMM904	barrier	2	0.717421932565265	0.11187601089477539
HiGHS_CMD	iMM904	primal	2	0.7174219325653	0.0760190486907959
HiGHS_CMD	iMM904	dual	2	0.7174219325653	0.06389498710632324
HiGHS_CMD	iMM904	barrier	2	0.7174219325653	0.07569503784179688
GLPK_CMD	iMM904	primal	2	0.717422	0.06053614616394043
GLPK_CMD	iMM904	dual	2	0.717422	0.06484198570251465
GLPK_CMD	iMM904	barrier	2		0.07999300956726074
COIN_CMD	iMM904	primal	2	0.71742193	0.10553693771362305
COIN_CMD	iMM904	dual	2	0.71742193	0.07261991500854492
COIN_CMD	iMM904	barrier	2	0.71742193	0.09281015396118164
CPLEX_PY	iMM904	primal	3	0.7174219325653098	0.03844094276428223
CPLEX_PY	iMM904	dual	3	0.7174219325653098	0.03806781768798828
CPLEX_PY	iMM904	barrier	3	0.7174219325653098	0.0358431339263916
GUROBI	iMM904	primal	3	0.7174219325653102	0.03182816505432129
GUROBI	iMM904	dual	3	0.7174219325653098	0.03147482872009277
GUROBI	iMM904	barrier	3	0.7174219325653101	0.040483951568603516
SCIP_CMD	iMM904	primal	3	0.717421932565303	0.11244511604309082
SCIP_CMD	iMM904	dual	3	0.717421932565265	0.11072587966918945
SCIP_CMD	iMM904	barrier	3	0.717421932565265	0.11091876029968262
HiGHS_CMD	iMM904	primal	3	0.7174219325653	0.07597494125366211
HiGHS_CMD	iMM904	dual	3	0.7174219325653	0.06427121162414551
HiGHS_CMD	iMM904	barrier	3	0.7174219325653	0.07757997512817383
GLPK_CMD	iMM904	primal	3	0.717422	0.0614619255065918
GLPK_CMD	iMM904	dual	3	0.717422	0.06478595733642578
GLPK_CMD	iMM904	barrier	3		0.08088183403015137
COIN_CMD	iMM904	primal	3	0.71742193	0.07275700569152832
COIN_CMD	iMM904	dual	3	0.71742193	0.06935882568359375
COIN_CMD	iMM904	barrier	3	0.71742193	0.09077620506286621
CPLEX_PY	iMM904	primal	4	0.7174219325653098	0.038806915283203125
CPLEX_PY	iMM904	dual	4	0.7174219325653098	0.037023067474365234
CPLEX_PY	iMM904	barrier	4	0.7174219325653098	0.03619384765625
GUROBI	iMM904	primal	4	0.7174219325653102	0.06732010841369629
GUROBI	iMM904	dual	4	0.7174219325653098	0.03172492980957031
GUROBI	iMM904	barrier	4	0.7174219325653101	0.04107379913330078
SCIP_CMD	iMM904	primal	4	0.717421932565303	0.11310219764709473
SCIP_CMD	iMM904	dual	4	0.717421932565265	0.12736296653747559
SCIP_CMD	iMM904	barrier	4	0.717421932565265	0.11997699737548828
HiGHS_CMD	iMM904	primal	4	0.7174219325653	0.08292317390441895
HiGHS_CMD	iMM904	dual	4	0.7174219325653	0.06603598594665527
HiGHS_CMD	iMM904	barrier	4	0.7174219325653	0.07748103141784668
GLPK_CMD	iMM904	primal	4	0.717422	0.06132030487060547
GLPK_CMD	iMM904	dual	4	0.717422	0.06695294380187988
GLPK_CMD	iMM904	barrier	4		0.08108711242675781
COIN_CMD	iMM904	primal	4	0.71742193	0.07095193862915039
COIN_CMD	iMM904	dual	4	0.71742193	0.07158112525939941
COIN_CMD	iMM904	barrier	4	0.71742193	0.09369492530822754
CPLEX_PY	iMM904	primal	5	0.7174219325653098	0.038184165954589844
CPLEX_PY	iMM904	dual	5	0.7174219325653098	0.03774595260620117
CPLEX_PY	iMM904	barrier	5	0.7174219325653098	0.03737497329711914
GUROBI	iMM904	primal	5	0.7174219325653102	0.03342008590698242
GUROBI	iMM904	dual	5	0.7174219325653098	0.03508615493774414
GUROBI	iMM904	barrier	5	0.7174219325653101	0.03995013236999512
SCIP_CMD	iMM904	primal	5	0.717421932565303	0.11285781860351562
SCIP_CMD	iMM904	dual	5	0.717421932565265	0.11114501953125
SCIP_CMD	iMM904	barrier	5	0.717421932565265	0.11556291580200195
HiGHS_CMD	iMM904	primal	5	0.7174219325653	0.07747006416320801
HiGHS_CMD	iMM904	dual	5	0.7174219325653	0.06511688232421875
HiGHS_CMD	iMM904	barrier	5	0.7174219325653	0.07640910148620605
GLPK_CMD	iMM904	primal	5	0.717422	0.07000613212585449
GLPK_CMD	iMM904	dual	5	0.717422	0.07216691970825195
GLPK_CMD	iMM904	barrier	5		0.08483409881591797
COIN_CMD	iMM904	primal	5	0.71742193	0.07055115699768066
COIN_CMD	iMM904	dual	5	0.71742193	0.07206606864929199
COIN_CMD	iMM904	barrier	5	0.71742193	0.0935051441192627
CPLEX_PY	iMM904	primal	6	0.7174219325653098	0.04801368713378906
CPLEX_PY	iMM904	dual	6	0.7174219325653098	0.03739809989929199
CPLEX_PY	iMM904	barrier	6	0.7174219325653098	0.03662610054016113
GUROBI	iMM904	primal	6	0.7174219325653102	0.03213906288146973
GUROBI	iMM904	dual	6	0.7174219325653098	0.03204798698425293
GUROBI	iMM904	barrier	6	0.7174219325653101	0.040318965911865234
SCIP_CMD	iMM904	primal	6	0.717421932565303	0.10941100120544434
SCIP_CMD	iMM904	dual	6	0.717421932565265	0.11062097549438477
SCIP_CMD	iMM904	barrier	6	0.717421932565265	0.1107478141784668
HiGHS_CMD	iMM904	primal	6	0.7174219325653	0.07750821113586426
HiGHS_CMD	iMM904	dual	6	0.7174219325653	0.06321406364440918
HiGHS_CMD	iMM904	barrier	6	0.7174219325653	0.07695674896240234
GLPK_CMD	iMM904	primal	6	0.717422	0.06267285346984863
GLPK_CMD	iMM904	dual	6	0.717422	0.08218693733215332
GLPK_CMD	iMM904	barrier	6		0.08256721496582031
COIN_CMD	iMM904	primal	6	0.71742193	0.07217001914978027
COIN_CMD	iMM904	dual	6	0.71742193	0.06870508193969727
COIN_CMD	iMM904	barrier	6	0.71742193	0.09540987014770508
CPLEX_PY	iMM904	primal	7	0.7174219325653098	0.0401461124420166
CPLEX_PY	iMM904	dual	7	0.7174219325653098	0.03802299499511719
CPLEX_PY	iMM904	barrier	7	0.7174219325653098	0.03819131851196289
GUROBI	iMM904	primal	7	0.7174219325653102	0.03357887268066406
GUROBI	iMM904	dual	7	0.7174219325653098	0.03227591514587402
GUROBI	iMM904	barrier	7	0.7174219325653101	0.040354013442993164
SCIP_CMD	iMM904	primal	7	0.717421932565303	0.11287927627563477
SCIP_CMD	iMM904	dual	7	0.717421932565265	0.11096310615539551
SCIP_CMD	iMM904	barrier	7	0.717421932565265	0.10992884635925293
HiGHS_CMD	iMM904	primal	7	0.7174219325653	0.07494115829467773
HiGHS_CMD	iMM904	dual	7	0.7174219325653	0.0640561580657959
HiGHS_CMD	iMM904	barrier	7	0.7174219325653	0.07587718963623047
GLPK_CMD	iMM904	primal	7	0.717422	0.061800241470336914
GLPK_CMD	iMM904	dual	7	0.717422	0.08612585067749023
GLPK_CMD	iMM904	barrier	7		0.08665609359741211
COIN_CMD	iMM904	primal	7	0.71742193	0.07012104988098145
COIN_CMD	iMM904	dual	7	0.71742193	0.07268023490905762
COIN_CMD	iMM904	barrier	7	0.71742193	0.1036977767944336
CPLEX_PY	iMM904	primal	8	0.7174219325653098	0.03834128379821777
CPLEX_PY	iMM904	dual	8	0.7174219325653098	0.036808013916015625
CPLEX_PY	iMM904	barrier	8	0.7174219325653098	0.03663206100463867
GUROBI	iMM904	primal	8	0.7174219325653102	0.03181815147399902
GUROBI	iMM904	dual	8	0.7174219325653098	0.032837867736816406
GUROBI	iMM904	barrier	8	0.7174219325653101	0.041635751724243164
SCIP_CMD	iMM904	primal	8	0.717421932565303	0.11178278923034668
SCIP_CMD	iMM904	dual	8	0.717421932565265	0.11374187469482422
SCIP_CMD	iMM904	barrier	8	0.717421932565265	0.11139392852783203
HiGHS_CMD	iMM904	primal	8	0.7174219325653	0.07615900039672852
HiGHS_CMD	iMM904	dual	8	0.7174219325653	0.06308603286743164
HiGHS_CMD	iMM904	barrier	8	0.7174219325653	0.0762338638305664
GLPK_CMD	iMM904	primal	8	0.717422	0.061395883560180664
GLPK_CMD	iMM904	dual	8	0.717422	0.06435894966125488
GLPK_CMD	iMM904	barrier	8		0.07789015769958496
COIN_CMD	iMM904	primal	8	0.71742193	0.07002687454223633
COIN_CMD	iMM904	dual	8	0.71742193	0.07009506225585938
COIN_CMD	iMM904	barrier	8	0.71742193	0.09189796447753906
CPLEX_PY	iMM904	primal	9	0.7174219325653098	0.039295196533203125
CPLEX_PY	iMM904	dual	9	0.7174219325653098	0.03672385215759277
CPLEX_PY	iMM904	barrier	9	0.7174219325653098	0.03709006309509277
GUROBI	iMM904	primal	9	0.7174219325653102	0.03298306465148926
GUROBI	iMM904	dual	9	0.7174219325653098	0.032353878021240234
GUROBI	iMM904	barrier	9	0.7174219325653101	0.04017519950866699
SCIP_CMD	iMM904	primal	9	0.717421932565303	0.11181306838989258
SCIP_CMD	iMM904	dual	9	0.717421932565265	0.11123299598693848
SCIP_CMD	iMM904	barrier	9	0.717421932565265	0.11115908622741699
HiGHS_CMD	iMM904	primal	9	0.7174219325653	0.07773017883300781
HiGHS_CMD	iMM904	dual	9	0.7174219325653	0.06372189521789551
HiGHS_CMD	iMM904	barrier	9	0.7174219325653	0.07620906829833984
GLPK_CMD	iMM904	primal	9	0.717422	0.060508012771606445
GLPK_CMD	iMM904	dual	9	0.717422	0.07982802391052246
GLPK_CMD	iMM904	barrier	9		0.08006906509399414
COIN_CMD	iMM904	primal	9	0.71742193	0.07058501243591309
COIN_CMD	iMM904	dual	9	0.71742193	0.07115006446838379
COIN_CMD	iMM904	barrier	9	0.71742193	0.09387493133544922
CPLEX_PY	iAF1260	primal	0	3.6101431416268066	0.06938409805297852
CPLEX_PY	iAF1260	dual	0	3.6101431416268066	0.06637334823608398
CPLEX_PY	iAF1260	barrier	0	3.6101431416268066	0.0674738883972168
GUROBI	iAF1260	primal	0	3.610143141626804	0.047022104263305664
GUROBI	iAF1260	dual	0	3.6101431416268026	0.04437661170959473
GUROBI	iAF1260	barrier	0	3.6101431416268044	0.06058382987976074
SCIP_CMD	iAF1260	primal	0	3.6101431416268	0.1977839469909668
SCIP_CMD	iAF1260	dual	0	3.6101431416268	0.18378520011901855
SCIP_CMD	iAF1260	barrier	0	3.6101431416268	0.2025470733642578
HiGHS_CMD	iAF1260	primal	0	3.6101431416268	0.09728407859802246
HiGHS_CMD	iAF1260	dual	0	3.6101431416268	0.08970808982849121
HiGHS_CMD	iAF1260	barrier	0	3.6101431416268	0.12426400184631348
GLPK_CMD	iAF1260	primal	0	3.61014	0.1128242015838623
GLPK_CMD	iAF1260	dual	0	3.61014	0.1149907112121582
GLPK_CMD	iAF1260	barrier	0		0.1744060516357422
COIN_CMD	iAF1260	primal	0	3.6101431	0.11010217666625977
COIN_CMD	iAF1260	dual	0	3.6101431	0.11658382415771484
COIN_CMD	iAF1260	barrier	0	3.6101431	0.11806607246398926
CPLEX_PY	iAF1260	primal	1	3.6101431416268066	0.0704503059387207
CPLEX_PY	iAF1260	dual	1	3.6101431416268066	0.0677950382232666
CPLEX_PY	iAF1260	barrier	1	3.6101431416268066	0.06714701652526855
GUROBI	iAF1260	primal	1	3.610143141626804	0.08671426773071289
GUROBI	iAF1260	dual	1	3.6101431416268026	0.04612302780151367
GUROBI	iAF1260	barrier	1	3.6101431416268044	0.06012415885925293
SCIP_CMD	iAF1260	primal	1	3.6101431416268	0.1854231357574463
SCIP_CMD	iAF1260	dual	1	3.6101431416268	0.18433308601379395
SCIP_CMD	iAF1260	barrier	1	3.6101431416268	0.1866769790649414
HiGHS_CMD	iAF1260	primal	1	3.6101431416268	0.09351515769958496
HiGHS_CMD	iAF1260	dual	1	3.6101431416268	0.08960485458374023
HiGHS_CMD	iAF1260	barrier	1	3.6101431416268	0.10595917701721191
GLPK_CMD	iAF1260	primal	1	3.61014	0.09026622772216797
GLPK_CMD	iAF1260	dual	1	3.61014	0.09368181228637695
GLPK_CMD	iAF1260	barrier	1		0.16062498092651367
COIN_CMD	iAF1260	primal	1	3.6101431	0.10182905197143555
COIN_CMD	iAF1260	dual	1	3.6101431	0.11042404174804688
COIN_CMD	iAF1260	barrier	1	3.6101431	0.11150813102722168
CPLEX_PY	iAF1260	primal	2	3.6101431416268066	0.0684812068939209
CPLEX_PY	iAF1260	dual	2	3.6101431416268066	0.06929802894592285
CPLEX_PY	iAF1260	barrier	2	3.6101431416268066	0.07101011276245117
GUROBI	iAF1260	primal	2	3.610143141626804	0.05225205421447754
GUROBI	iAF1260	dual	2	3.6101431416268026	0.04917788505554199
GUROBI	iAF1260	barrier	2	3.6101431416268044	0.061636924743652344
SCIP_CMD	iAF1260	primal	2	3.6101431416268	0.20147705078125
SCIP_CMD	iAF1260	dual	2	3.6101431416268	0.18893694877624512
SCIP_CMD	iAF1260	barrier	2	3.6101431416268	0.18715214729309082
HiGHS_CMD	iAF1260	primal	2	3.6101431416268	0.09539294242858887
HiGHS_CMD	iAF1260	dual	2	3.6101431416268	0.08702802658081055
HiGHS_CMD	iAF1260	barrier	2	3.6101431416268	0.10511898994445801
GLPK_CMD	iAF1260	primal	2	3.61014	0.08743691444396973
GLPK_CMD	iAF1260	dual	2	3.61014	0.09394598007202148
GLPK_CMD	iAF1260	barrier	2		0.15003013610839844
COIN_CMD	iAF1260	primal	2	3.6101431	0.10944318771362305
COIN_CMD	iAF1260	dual	2	3.6101431	0.1074209213256836
COIN_CMD	iAF1260	barrier	2	3.6101431	0.11144185066223145
CPLEX_PY	iAF1260	primal	3	3.6101431416268066	0.06915593147277832
CPLEX_PY	iAF1260	dual	3	3.6101431416268066	0.10519123077392578
CPLEX_PY	iAF1260	barrier	3	3.6101431416268066	0.06696796417236328
GUROBI	iAF1260	primal	3	3.610143141626804	0.04686880111694336
GUROBI	iAF1260	dual	3	3.6101431416268026	0.04612088203430176
GUROBI	iAF1260	barrier	3	3.6101431416268044	0.05982804298400879
SCIP_CMD	iAF1260	primal	3	3.6101431416268	0.18560576438903809
SCIP_CMD	iAF1260	dual	3	3.6101431416268	0.19129395484924316
SCIP_CMD	iAF1260	barrier	3	3.6101431416268	0.18626880645751953
HiGHS_CMD	iAF1260	primal	3	3.6101431416268	0.09838581085205078
HiGHS_CMD	iAF1260	dual	3	3.6101431416268	0.08849787712097168
HiGHS_CMD	iAF1260	barrier	3	3.6101431416268	0.10597419738769531
GLPK_CMD	iAF1260	primal	3	3.61014	0.09006619453430176
GLPK_CMD	iAF1260	dual	3	3.61014	0.09112691879272461
GLPK_CMD	iAF1260	barrier	3		0.15037107467651367
COIN_CMD	iAF1260	primal	3	3.6101431	0.09826922416687012
COIN_CMD	iAF1260	dual	3	3.6101431	0.1036221981048584
COIN_CMD	iAF1260	barrier	3	3.6101431	0.12498307228088379
CPLEX_PY	iAF1260	primal	4	3.6101431416268066	0.06984925270080566
CPLEX_PY	iAF1260	dual	4	3.6101431416268066	0.10774612426757812
CPLEX_PY	iAF1260	barrier	4	3.6101431416268066	0.06810212135314941
GUROBI	iAF1260	primal	4	3.610143141626804	0.04771709442138672
GUROBI	iAF1260	dual	4	3.6101431416268026	0.04706096649169922
GUROBI	iAF1260	barrier	4	3.6101431416268044	0.0918116569519043
SCIP_CMD	iAF1260	primal	4	3.6101431416268	0.18858814239501953
SCIP_CMD	iAF1260	dual	4	3.6101431416268	0.1853492259979248
SCIP_CMD	iAF1260	barrier	4	3.6101431416268	0.18987584114074707
HiGHS_CMD	iAF1260	primal	4	3.6101431416268	0.09387874603271484
HiGHS_CMD	iAF1260	dual	4	3.6101431416268	0.09018278121948242
HiGHS_CMD	iAF1260	barrier	4	3.6101431416268	0.10679817199707031
GLPK_CMD	iAF1260	primal	4	3.61014	0.08916926383972168
GLPK_CMD	iAF1260	dual	4	3.61014	0.09604501724243164
GLPK_CMD	iAF1260	barrier	4		0.15029597282409668
COIN_CMD	iAF1260	primal	4	3.6101431	0.09761428833007812
COIN_CMD	iAF1260	dual	4	3.6101431	0.10485577583312988
COIN_CMD	iAF1260	barrier	4	3.6101431	0.10621786117553711
CPLEX_PY	iAF1260	primal	5	3.6101431416268066	0.06918025016784668
CPLEX_PY	iAF1260	dual	5	3.6101431416268066	0.06654810905456543
CPLEX_PY	iAF1260	barrier	5	3.6101431416268066	0.06704282760620117
GUROBI	iAF1260	primal	5	3.610143141626804	0.04726123809814453
GUROBI	iAF1260	dual	5	3.6101431416268026	0.051172733306884766
GUROBI	iAF1260	barrier	5	3.6101431416268044	0.06043887138366699
SCIP_CMD	iAF1260	primal	5	3.6101431416268	0.1874709129333496
SCIP_CMD	iAF1260	dual	5	3.6101431416268	0.1887800693511963
SCIP_CMD	iAF1260	barrier	5	3.6101431416268	0.18109416961669922
HiGHS_CMD	iAF1260	primal	5	3.6101431416268	0.09369611740112305
HiGHS_CMD	iAF1260	dual	5	3.6101431416268	0.08840799331665039
HiGHS_CMD	iAF1260	barrier	5	3.6101431416268	0.10689997673034668
GLPK_CMD	iAF1260	primal	5	3.61014	0.09200286865234375
GLPK_CMD	iAF1260	dual	5	3.61014	0.0944669246673584
GLPK_CMD	iAF1260	barrier	5		0.1507551670074463
COIN_CMD	iAF1260	primal	5	3.6101431	0.09820699691772461
COIN_CMD	iAF1260	dual	5	3.6101431	0.1056060791015625
COIN_CMD	iAF1260	barrier	5	3.6101431	0.10941219329833984
CPLEX_PY	iAF1260	primal	6	3.6101431416268066	0.0689857006072998
CPLEX_PY	iAF1260	dual	6	3.6101431416268066	0.06764888763427734
CPLEX_PY	iAF1260	barrier	6	3.6101431416268066	0.06628704071044922
GUROBI	iAF1260	primal	6	3.610143141626804	0.047801971435546875
GUROBI	iAF1260	dual	6	3.6101431416268026	0.046208858489990234
GUROBI	iAF1260	barrier	6	3.6101431416268044	0.06012129783630371
SCIP_CMD	iAF1260	primal	6	3.6101431416268	0.18584871292114258
SCIP_CMD	iAF1260	dual	6	3.6101431416268	0.19000911712646484
SCIP_CMD	iAF1260	barrier	6	3.6101431416268	0.18363308906555176
HiGHS_CMD	iAF1260	primal	6	3.6101431416268	0.094940185546875
HiGHS_CMD	iAF1260	dual	6	3.6101431416268	0.08868622779846191
HiGHS_CMD	iAF1260	barrier	6	3.6101431416268	0.10679483413696289
GLPK_CMD	iAF1260	primal	6	3.61014	0.08961987495422363
GLPK_CMD	iAF1260	dual	6	3.61014	0.09453177452087402
GLPK_CMD	iAF1260	barrier	6		0.1494448184967041
COIN_CMD	iAF1260	primal	6	3.6101431	0.09857416152954102
COIN_CMD	iAF1260	dual	6	3.6101431	0.10335898399353027
COIN_CMD	iAF1260	barrier	6	3.6101431	0.10846900939941406
CPLEX_PY	iAF1260	primal	7	3.6101431416268066	0.06727194786071777
CPLEX_PY	iAF1260	dual	7	3.6101431416268066	0.06781005859375
CPLEX_PY	iAF1260	barrier	7	3.6101431416268066	0.06696391105651855
GUROBI	iAF1260	primal	7	3.610143141626804	0.047389984130859375
GUROBI	iAF1260	dual	7	3.6101431416268026	0.046561241149902344
GUROBI	iAF1260	barrier	7	3.6101431416268044	0.05885601043701172
SCIP_CMD	iAF1260	primal	7	3.6101431416268	0.18525004386901855
SCIP_CMD	iAF1260	dual	7	3.6101431416268	0.18583917617797852
SCIP_CMD	iAF1260	barrier	7	3.6101431416268	0.18775296211242676
HiGHS_CMD	iAF1260	primal	7	3.6101431416268	0.0949239730834961
HiGHS_CMD	iAF1260	dual	7	3.6101431416268	0.08924317359924316
HiGHS_CMD	iAF1260	barrier	7	3.6101431416268	0.10395598411560059
GLPK_CMD	iAF1260	primal	7	3.61014	0.0889890193939209
GLPK_CMD	iAF1260	dual	7	3.61014	0.09435486793518066
GLPK_CMD	iAF1260	barrier	7		0.15069794654846191
COIN_CMD	iAF1260	primal	7	3.6101431	0.09805107116699219
COIN_CMD	iAF1260	dual	7	3.6101431	0.10393786430358887
COIN_CMD	iAF1260	barrier	7	3.6101431	0.10667109489440918
CPLEX_PY	iAF1260	primal	8	3.6101431416268066	0.06926989555358887
CPLEX_PY	iAF1260	dual	8	3.6101431416268066	0.06724882125854492
CPLEX_PY	iAF1260	barrier	8	3.6101431416268066	0.06719493865966797
GUROBI	iAF1260	primal	8	3.610143141626804	0.04915189743041992
GUROBI	iAF1260	dual	8	3.6101431416268026	0.046465158462524414
GUROBI	iAF1260	barrier	8	3.6101431416268044	0.0987691879272461
SCIP_CMD	iAF1260	primal	8	3.6101431416268	0.18724703788757324
SCIP_CMD	iAF1260	dual	8	3.6101431416268	0.18474173545837402
SCIP_CMD	iAF1260	barrier	8	3.6101431416268	0.1874558925628662
HiGHS_CMD	iAF1260	primal	8	3.6101431416268	0.09549784660339355
HiGHS_CMD	iAF1260	dual	8	3.6101431416268	0.0891258716583252
HiGHS_CMD	iAF1260	barrier	8	3.6101431416268	0.10857892036437988
GLPK_CMD	iAF1260	primal	8	3.61014	0.09603404998779297
GLPK_CMD	iAF1260	dual	8	3.61014	0.0952301025390625
GLPK_CMD	iAF1260	barrier	8		0.15006327629089355
COIN_CMD	iAF1260	primal	8	3.6101431	0.09785294532775879
COIN_CMD	iAF1260	dual	8	3.6101431	0.10328221321105957
COIN_CMD	iAF1260	barrier	8	3.6101431	0.11018800735473633
CPLEX_PY	iAF1260	primal	9	3.6101431416268066	0.06973576545715332
CPLEX_PY	iAF1260	dual	9	3.6101431416268066	0.06783008575439453
CPLEX_PY	iAF1260	barrier	9	3.6101431416268066	0.06684613227844238
GUROBI	iAF1260	primal	9	3.610143141626804	0.04818010330200195
GUROBI	iAF1260	dual	9	3.6101431416268026	0.04584097862243652
GUROBI	iAF1260	barrier	9	3.6101431416268044	0.05887007713317871
SCIP_CMD	iAF1260	primal	9	3.6101431416268	0.18717288970947266
SCIP_CMD	iAF1260	dual	9	3.6101431416268	0.18353891372680664
SCIP_CMD	iAF1260	barrier	9	3.6101431416268	0.18576931953430176
HiGHS_CMD	iAF1260	primal	9	3.6101431416268	0.0941922664642334
HiGHS_CMD	iAF1260	dual	9	3.6101431416268	0.08823013305664062
HiGHS_CMD	iAF1260	barrier	9	3.6101431416268	0.1054377555847168
GLPK_CMD	iAF1260	primal	9	3.61014	0.10401797294616699
GLPK_CMD	iAF1260	dual	9	3.61014	0.0988008975982666
GLPK_CMD	iAF1260	barrier	9		0.15242815017700195
COIN_CMD	iAF1260	primal	9	3.6101431	0.11147713661193848
COIN_CMD	iAF1260	dual	9	3.6101431	0.10642695426940918
COIN_CMD	iAF1260	barrier	9	3.6101431	0.1079258918762207
CPLEX_PY	iYS1720	primal	0	4.252337850278837	0.09667372703552246
CPLEX_PY	iYS1720	dual	0	4.252337850278837	0.11323809623718262
CPLEX_PY	iYS1720	barrier	0	4.252337850278837	0.09569215774536133
GUROBI	iYS1720	primal	0	4.252337850278854	0.06611084938049316
GUROBI	iYS1720	dual	0	4.252337850278832	0.06663990020751953
GUROBI	iYS1720	barrier	0	4.252337850278866	0.09128403663635254
SCIP_CMD	iYS1720	primal	0	4.25233785027884	0.23636507987976074
SCIP_CMD	iYS1720	dual	0	4.25233785027884	0.24698185920715332
SCIP_CMD	iYS1720	barrier	0	4.25233785027884	0.23357582092285156
HiGHS_CMD	iYS1720	primal	0	4.2523378502788	0.1481947898864746
HiGHS_CMD	iYS1720	dual	0	4.2523378502788	0.11790895462036133
HiGHS_CMD	iYS1720	barrier	0	4.2523378502788	0.13928890228271484
GLPK_CMD	iYS1720	primal	0	4.25234	0.1181020736694336
GLPK_CMD	iYS1720	dual	0	4.25234	0.12680602073669434
GLPK_CMD	iYS1720	barrier	0		0.16222476959228516
COIN_CMD	iYS1720	primal	0	4.2523379	0.12364602088928223
COIN_CMD	iYS1720	dual	0	4.2523379	0.18796801567077637
COIN_CMD	iYS1720	barrier	0	4.2523379	0.2219400405883789
CPLEX_PY	iYS1720	primal	1	4.252337850278837	0.09757304191589355
CPLEX_PY	iYS1720	dual	1	4.252337850278837	0.09531807899475098
CPLEX_PY	iYS1720	barrier	1	4.252337850278837	0.09562897682189941
GUROBI	iYS1720	primal	1	4.252337850278854	0.06485486030578613
GUROBI	iYS1720	dual	1	4.252337850278832	0.06501126289367676
GUROBI	iYS1720	barrier	1	4.252337850278866	0.12562990188598633
SCIP_CMD	iYS1720	primal	1	4.25233785027884	0.23262476921081543
SCIP_CMD	iYS1720	dual	1	4.25233785027884	0.22742700576782227
SCIP_CMD	iYS1720	barrier	1	4.25233785027884	0.2386791706085205
HiGHS_CMD	iYS1720	primal	1	4.2523378502788	0.16551804542541504
HiGHS_CMD	iYS1720	dual	1	4.2523378502788	0.12120509147644043
HiGHS_CMD	iYS1720	barrier	1	4.2523378502788	0.15349674224853516
GLPK_CMD	iYS1720	primal	1	4.25234	0.12921380996704102
GLPK_CMD	iYS1720	dual	1	4.25234	0.13349199295043945
GLPK_CMD	iYS1720	barrier	1		0.16366267204284668
COIN_CMD	iYS1720	primal	1	4.2523379	0.12360882759094238
COIN_CMD	iYS1720	dual	1	4.2523379	0.18631315231323242
COIN_CMD	iYS1720	barrier	1	4.2523379	0.22197413444519043
CPLEX_PY	iYS1720	primal	2	4.252337850278837	0.10014510154724121
CPLEX_PY	iYS1720	dual	2	4.252337850278837	0.0956580638885498
CPLEX_PY	iYS1720	barrier	2	4.252337850278837	0.135986328125
GUROBI	iYS1720	primal	2	4.252337850278854	0.06498217582702637
GUROBI	iYS1720	dual	2	4.252337850278832	0.0654909610748291
GUROBI	iYS1720	barrier	2	4.252337850278866	0.09152936935424805
SCIP_CMD	iYS1720	primal	2	4.25233785027884	0.22629117965698242
SCIP_CMD	iYS1720	dual	2	4.25233785027884	0.2295839786529541
SCIP_CMD	iYS1720	barrier	2	4.25233785027884	0.22951722145080566
HiGHS_CMD	iYS1720	primal	2	4.2523378502788	0.14409589767456055
HiGHS_CMD	iYS1720	dual	2	4.2523378502788	0.11721491813659668
HiGHS_CMD	iYS1720	barrier	2	4.2523378502788	0.14026904106140137
GLPK_CMD	iYS1720	primal	2	4.25234	0.11867284774780273
GLPK_CMD	iYS1720	dual	2	4.25234	0.1298072338104248
GLPK_CMD	iYS1720	barrier	2		0.16346311569213867
COIN_CMD	iYS1720	primal	2	4.2523379	0.16520190238952637
COIN_CMD	iYS1720	dual	2	4.2523379	0.1896059513092041
COIN_CMD	iYS1720	barrier	2	4.2523379	0.22059297561645508
CPLEX_PY	iYS1720	primal	3	4.252337850278837	0.09847092628479004
CPLEX_PY	iYS1720	dual	3	4.252337850278837	0.0953209400177002
CPLEX_PY	iYS1720	barrier	3	4.252337850278837	0.09473204612731934
GUROBI	iYS1720	primal	3	4.252337850278854	0.06612515449523926
GUROBI	iYS1720	dual	3	4.252337850278832	0.06461477279663086
GUROBI	iYS1720	barrier	3	4.252337850278866	0.09250807762145996
SCIP_CMD	iYS1720	primal	3	4.25233785027884	0.22724413871765137
SCIP_CMD	iYS1720	dual	3	4.25233785027884	0.22950100898742676
SCIP_CMD	iYS1720	barrier	3	4.25233785027884	0.22957396507263184
HiGHS_CMD	iYS1720	primal	3	4.2523378502788	0.14815926551818848
HiGHS_CMD	iYS1720	dual	3	4.2523378502788	0.11867022514343262
HiGHS_CMD	iYS1720	barrier	3	4.2523378502788	0.13909673690795898
GLPK_CMD	iYS1720	primal	3	4.25234	0.11792206764221191
GLPK_CMD	iYS1720	dual	3	4.25234	0.12920689582824707
GLPK_CMD	iYS1720	barrier	3		0.16329598426818848
COIN_CMD	iYS1720	primal	3	4.2523379	0.1238868236541748
COIN_CMD	iYS1720	dual	3	4.2523379	0.18929409980773926
COIN_CMD	iYS1720	barrier	3	4.2523379	0.2181863784790039
CPLEX_PY	iYS1720	primal	4	4.252337850278837	0.09773111343383789
CPLEX_PY	iYS1720	dual	4	4.252337850278837	0.09664082527160645
CPLEX_PY	iYS1720	barrier	4	4.252337850278837	0.09495306015014648
GUROBI	iYS1720	primal	4	4.252337850278854	0.0644998550415039
GUROBI	iYS1720	dual	4	4.252337850278832	0.10495495796203613
GUROBI	iYS1720	barrier	4	4.252337850278866	0.09133481979370117
SCIP_CMD	iYS1720	primal	4	4.25233785027884	0.224761962890625
SCIP_CMD	iYS1720	dual	4	4.25233785027884	0.23209190368652344
SCIP_CMD	iYS1720	barrier	4	4.25233785027884	0.23706293106079102
HiGHS_CMD	iYS1720	primal	4	4.2523378502788	0.1575937271118164
HiGHS_CMD	iYS1720	dual	4	4.2523378502788	0.11593294143676758
HiGHS_CMD	iYS1720	barrier	4	4.2523378502788	0.14165711402893066
GLPK_CMD	iYS1720	primal	4	4.25234	0.11956620216369629
GLPK_CMD	iYS1720	dual	4	4.25234	0.13106679916381836
GLPK_CMD	iYS1720	barrier	4		0.1636490821838379
COIN_CMD	iYS1720	primal	4	4.2523379	0.12463212013244629
COIN_CMD	iYS1720	dual	4	4.2523379	0.18822789192199707
COIN_CMD	iYS1720	barrier	4	4.2523379	0.21926498413085938
CPLEX_PY	iYS1720	primal	5	4.252337850278837	0.09697413444519043
CPLEX_PY	iYS1720	dual	5	4.252337850278837	0.096649169921875
CPLEX_PY	iYS1720	barrier	5	4.252337850278837	0.09728717803955078
GUROBI	iYS1720	primal	5	4.252337850278854	0.06588602066040039
GUROBI	iYS1720	dual	5	4.252337850278832	0.06495428085327148
GUROBI	iYS1720	barrier	5	4.252337850278866	0.08899283409118652
SCIP_CMD	iYS1720	primal	5	4.25233785027884	0.2232067584991455
SCIP_CMD	iYS1720	dual	5	4.25233785027884	0.23061490058898926
SCIP_CMD	iYS1720	barrier	5	4.25233785027884	0.23099064826965332
HiGHS_CMD	iYS1720	primal	5	4.2523378502788	0.14572691917419434
HiGHS_CMD	iYS1720	dual	5	4.2523378502788	0.11773800849914551
HiGHS_CMD	iYS1720	barrier	5	4.2523378502788	0.1375720500946045
GLPK_CMD	iYS1720	primal	5	4.25234	0.11933016777038574
GLPK_CMD	iYS1720	dual	5	4.25234	0.12965703010559082
GLPK_CMD	iYS1720	barrier	5		0.16369223594665527
COIN_CMD	iYS1720	primal	5	4.2523379	0.12172698974609375
COIN_CMD	iYS1720	dual	5	4.2523379	0.18809914588928223
COIN_CMD	iYS1720	barrier	5	4.2523379	0.22363877296447754
CPLEX_PY	iYS1720	primal	6	4.252337850278837	0.09878897666931152
CPLEX_PY	iYS1720	dual	6	4.252337850278837	0.1358189582824707
CPLEX_PY	iYS1720	barrier	6	4.252337850278837	0.09583282470703125
GUROBI	iYS1720	primal	6	4.252337850278854	0.06980681419372559
GUROBI	iYS1720	dual	6	4.252337850278832	0.06549191474914551
GUROBI	iYS1720	barrier	6	4.252337850278866	0.12273478507995605
SCIP_CMD	iYS1720	primal	6	4.25233785027884	0.2242422103881836
SCIP_CMD	iYS1720	dual	6	4.25233785027884	0.2317817211151123
SCIP_CMD	iYS1720	barrier	6	4.25233785027884	0.22888708114624023
HiGHS_CMD	iYS1720	primal	6	4.2523378502788	0.14586710929870605
HiGHS_CMD	iYS1720	dual	6	4.2523378502788	0.11665201187133789
HiGHS_CMD	iYS1720	barrier	6	4.2523378502788	0.13945984840393066
GLPK_CMD	iYS1720	primal	6	4.25234	0.11812400817871094
GLPK_CMD	iYS1720	dual	6	4.25234	0.129011869430542
GLPK_CMD	iYS1720	barrier	6		0.16325783729553223
COIN_CMD	iYS1720	primal	6	4.2523379	0.1256110668182373
COIN_CMD	iYS1720	dual	6	4.2523379	0.18901300430297852
COIN_CMD	iYS1720	barrier	6	4.2523379	0.22330617904663086
CPLEX_PY	iYS1720	primal	7	4.252337850278837	0.09930706024169922
CPLEX_PY	iYS1720	dual	7	4.252337850278837	0.0966501235961914
CPLEX_PY	iYS1720	barrier	7	4.252337850278837	0.0966029167175293
GUROBI	iYS1720	primal	7	4.252337850278854	0.0646200180053711
GUROBI	iYS1720	dual	7	4.252337850278832	0.06492900848388672
GUROBI	iYS1720	barrier	7	4.252337850278866	0.0915529727935791
SCIP_CMD	iYS1720	primal	7	4.25233785027884	0.22968792915344238
SCIP_CMD	iYS1720	dual	7	4.25233785027884	0.22945284843444824
SCIP_CMD	iYS1720	barrier	7	4.25233785027884	0.23521804809570312
HiGHS_CMD	iYS1720	primal	7	4.2523378502788	0.14468002319335938
HiGHS_CMD	iYS1720	dual	7	4.2523378502788	0.11861085891723633
HiGHS_CMD	iYS1720	barrier	7	4.2523378502788	0.14273595809936523
GLPK_CMD	iYS1720	primal	7	4.25234	0.1175088882446289
GLPK_CMD	iYS1720	dual	7	4.25234	0.13026833534240723
GLPK_CMD	iYS1720	barrier	7		0.16383910179138184
COIN_CMD	iYS1720	primal	7	4.2523379	0.12370896339416504
COIN_CMD	iYS1720	dual	7	4.2523379	0.18926787376403809
COIN_CMD	iYS1720	barrier	7	4.2523379	0.21900629997253418
CPLEX_PY	iYS1720	primal	8	4.252337850278837	0.0992879867553711
CPLEX_PY	iYS1720	dual	8	4.252337850278837	0.09571504592895508
CPLEX_PY	iYS1720	barrier	8	4.252337850278837	0.10073614120483398
GUROBI	iYS1720	primal	8	4.252337850278854	0.10700583457946777
GUROBI	iYS1720	dual	8	4.252337850278832	0.06581902503967285
GUROBI	iYS1720	barrier	8	4.252337850278866	0.09132909774780273
SCIP_CMD	iYS1720	primal	8	4.25233785027884	0.22743988037109375
SCIP_CMD	iYS1720	dual	8	4.25233785027884	0.2290501594543457
SCIP_CMD	iYS1720	barrier	8	4.25233785027884	0.22960424423217773
HiGHS_CMD	iYS1720	primal	8	4.2523378502788	0.14469194412231445
HiGHS_CMD	iYS1720	dual	8	4.2523378502788	0.11669921875
HiGHS_CMD	iYS1720	barrier	8	4.2523378502788	0.1418781280517578
GLPK_CMD	iYS1720	primal	8	4.25234	0.11750912666320801
GLPK_CMD	iYS1720	dual	8	4.25234	0.13022589683532715
GLPK_CMD	iYS1720	barrier	8		0.16311192512512207
COIN_CMD	iYS1720	primal	8	4.2523379	0.12147688865661621
COIN_CMD	iYS1720	dual	8	4.2523379	0.18712091445922852
COIN_CMD	iYS1720	barrier	8	4.2523379	0.22128891944885254
CPLEX_PY	iYS1720	primal	9	4.252337850278837	0.099456787109375
CPLEX_PY	iYS1720	dual	9	4.252337850278837	0.09732985496520996
CPLEX_PY	iYS1720	barrier	9	4.252337850278837	0.09932684898376465
GUROBI	iYS1720	primal	9	4.252337850278854	0.06545901298522949
GUROBI	iYS1720	dual	9	4.252337850278832	0.06475996971130371
GUROBI	iYS1720	barrier	9	4.252337850278866	0.09315681457519531
SCIP_CMD	iYS1720	primal	9	4.25233785027884	0.22890901565551758
SCIP_CMD	iYS1720	dual	9	4.25233785027884	0.22870492935180664
SCIP_CMD	iYS1720	barrier	9	4.25233785027884	0.22849607467651367
HiGHS_CMD	iYS1720	primal	9	4.2523378502788	0.1435549259185791
HiGHS_CMD	iYS1720	dual	9	4.2523378502788	0.11812615394592285
HiGHS_CMD	iYS1720	barrier	9	4.2523378502788	0.14136719703674316
GLPK_CMD	iYS1720	primal	9	4.25234	0.11801910400390625
GLPK_CMD	iYS1720	dual	9	4.25234	0.13004183769226074
GLPK_CMD	iYS1720	barrier	9		0.17442011833190918
COIN_CMD	iYS1720	primal	9	4.2523379	0.1214604377746582
COIN_CMD	iYS1720	dual	9	4.2523379	0.18903326988220215
COIN_CMD	iYS1720	barrier	9	4.2523379	0.2616128921508789
CPLEX_PY	iCHOv1	primal	0	3.915873243198781	0.14493489265441895
CPLEX_PY	iCHOv1	dual	0	3.915873243198781	0.1444249153137207
CPLEX_PY	iCHOv1	barrier	0	3.915873243198781	0.14188861846923828
GUROBI	iCHOv1	primal	0	3.915873243198781	0.11484313011169434
GUROBI	iCHOv1	dual	0	3.915873243198781	0.11410784721374512
GUROBI	iCHOv1	barrier	0	3.915873243198781	0.13537096977233887
SCIP_CMD	iCHOv1	primal	0	3.91587324319878	0.3755178451538086
SCIP_CMD	iCHOv1	dual	0	3.91587324319878	0.37024784088134766
SCIP_CMD	iCHOv1	barrier	0	3.91587324319878	0.36928725242614746
HiGHS_CMD	iCHOv1	primal	0	3.9158732431988	0.26244401931762695
HiGHS_CMD	iCHOv1	dual	0	3.9158732431988	0.23873114585876465
HiGHS_CMD	iCHOv1	barrier	0	3.9158732431988	0.27350306510925293
GLPK_CMD	iCHOv1	primal	0	3.91587	0.18555593490600586
GLPK_CMD	iCHOv1	dual	0	3.91587	0.2300550937652588
GLPK_CMD	iCHOv1	barrier	0		0.25138211250305176
COIN_CMD	iCHOv1	primal	0	3.9158732	0.19108223915100098
COIN_CMD	iCHOv1	dual	0	3.9158732	1.0773651599884033
COIN_CMD	iCHOv1	barrier	0	3.9158732	0.39954686164855957
CPLEX_PY	iCHOv1	primal	1	3.915873243198781	0.14577269554138184
CPLEX_PY	iCHOv1	dual	1	3.915873243198781	0.14274883270263672
CPLEX_PY	iCHOv1	barrier	1	3.915873243198781	0.1419520378112793
GUROBI	iCHOv1	primal	1	3.915873243198781	0.15703082084655762
GUROBI	iCHOv1	dual	1	3.915873243198781	0.11444282531738281
GUROBI	iCHOv1	barrier	1	3.915873243198781	0.17243003845214844
SCIP_CMD	iCHOv1	primal	1	3.91587324319878	0.3636891841888428
SCIP_CMD	iCHOv1	dual	1	3.91587324319878	0.37132787704467773
SCIP_CMD	iCHOv1	barrier	1	3.91587324319878	0.3655400276184082
HiGHS_CMD	iCHOv1	primal	1	3.9158732431988	0.25803303718566895
HiGHS_CMD	iCHOv1	dual	1	3.9158732431988	0.2428443431854248
HiGHS_CMD	iCHOv1	barrier	1	3.9158732431988	0.27392101287841797
GLPK_CMD	iCHOv1	primal	1	3.91587	0.18637585639953613
GLPK_CMD	iCHOv1	dual	1	3.91587	0.23427987098693848
GLPK_CMD	iCHOv1	barrier	1		0.25289201736450195
COIN_CMD	iCHOv1	primal	1	3.9158732	0.19135117530822754
COIN_CMD	iCHOv1	dual	1	3.9158732	1.0777227878570557
COIN_CMD	iCHOv1	barrier	1	3.9158732	0.39769697189331055
CPLEX_PY	iCHOv1	primal	2	3.915873243198781	0.14485979080200195
CPLEX_PY	iCHOv1	dual	2	3.915873243198781	0.14243602752685547
CPLEX_PY	iCHOv1	barrier	2	3.915873243198781	0.14410901069641113
GUROBI	iCHOv1	primal	2	3.915873243198781	0.11407160758972168
GUROBI	iCHOv1	dual	2	3.915873243198781	0.15533685684204102
GUROBI	iCHOv1	barrier	2	3.915873243198781	0.13164591789245605
SCIP_CMD	iCHOv1	primal	2	3.91587324319878	0.36643195152282715
SCIP_CMD	iCHOv1	dual	2	3.91587324319878	0.371229887008667
SCIP_CMD	iCHOv1	barrier	2	3.91587324319878	0.38774609565734863
HiGHS_CMD	iCHOv1	primal	2	3.9158732431988	0.2610039710998535
HiGHS_CMD	iCHOv1	dual	2	3.9158732431988	0.23944687843322754
HiGHS_CMD	iCHOv1	barrier	2	3.9158732431988	0.2821328639984131
GLPK_CMD	iCHOv1	primal	2	3.91587	0.18758225440979004
GLPK_CMD	iCHOv1	dual	2	3.91587	0.23181915283203125
GLPK_CMD	iCHOv1	barrier	2		0.2520761489868164
COIN_CMD	iCHOv1	primal	2	3.9158732	0.189467191696167
COIN_CMD	iCHOv1	dual	2	3.9158732	1.0833919048309326
COIN_CMD	iCHOv1	barrier	2	3.9158732	0.4004549980163574
CPLEX_PY	iCHOv1	primal	3	3.915873243198781	0.19377684593200684
CPLEX_PY	iCHOv1	dual	3	3.915873243198781	0.14183998107910156
CPLEX_PY	iCHOv1	barrier	3	3.915873243198781	0.14240384101867676
GUROBI	iCHOv1	primal	3	3.915873243198781	0.16299128532409668
GUROBI	iCHOv1	dual	3	3.915873243198781	0.11466503143310547
GUROBI	iCHOv1	barrier	3	3.915873243198781	0.1334822177886963
SCIP_CMD	iCHOv1	primal	3	3.91587324319878	0.36554694175720215
SCIP_CMD	iCHOv1	dual	3	3.91587324319878	0.3696110248565674
SCIP_CMD	iCHOv1	barrier	3	3.91587324319878	0.37912583351135254
HiGHS_CMD	iCHOv1	primal	3	3.9158732431988	0.26073312759399414
HiGHS_CMD	iCHOv1	dual	3	3.9158732431988	0.24771404266357422
HiGHS_CMD	iCHOv1	barrier	3	3.9158732431988	0.324160099029541
GLPK_CMD	iCHOv1	primal	3	3.91587	0.18802928924560547
GLPK_CMD	iCHOv1	dual	3	3.91587	0.23304986953735352
GLPK_CMD	iCHOv1	barrier	3		0.25056004524230957
COIN_CMD	iCHOv1	primal	3	3.9158732	0.19483184814453125
COIN_CMD	iCHOv1	dual	3	3.9158732	1.0677130222320557
COIN_CMD	iCHOv1	barrier	3	3.9158732	0.40105509757995605
CPLEX_PY	iCHOv1	primal	4	3.915873243198781	0.14578008651733398
CPLEX_PY	iCHOv1	dual	4	3.915873243198781	0.14274096488952637
CPLEX_PY	iCHOv1	barrier	4	3.915873243198781	0.14049601554870605
GUROBI	iCHOv1	primal	4	3.915873243198781	0.16518497467041016
GUROBI	iCHOv1	dual	4	3.915873243198781	0.11098289489746094
GUROBI	iCHOv1	barrier	4	3.915873243198781	0.1712782382965088
SCIP_CMD	iCHOv1	primal	4	3.91587324319878	0.3667788505554199
SCIP_CMD	iCHOv1	dual	4	3.91587324319878	0.36611104011535645
SCIP_CMD	iCHOv1	barrier	4	3.91587324319878	0.363616943359375
HiGHS_CMD	iCHOv1	primal	4	3.9158732431988	0.26082301139831543
HiGHS_CMD	iCHOv1	dual	4	3.9158732431988	0.23962712287902832
HiGHS_CMD	iCHOv1	barrier	4	3.9158732431988	0.27478456497192383
GLPK_CMD	iCHOv1	primal	4	3.91587	0.1888899803161621
GLPK_CMD	iCHOv1	dual	4	3.91587	0.23201799392700195
GLPK_CMD	iCHOv1	barrier	4		0.3011791706085205
COIN_CMD	iCHOv1	primal	4	3.9158732	0.1900777816772461
COIN_CMD	iCHOv1	dual	4	3.9158732	1.0729780197143555
COIN_CMD	iCHOv1	barrier	4	3.9158732	0.4038989543914795
CPLEX_PY	iCHOv1	primal	5	3.915873243198781	0.14686298370361328
CPLEX_PY	iCHOv1	dual	5	3.915873243198781	0.1927499771118164
CPLEX_PY	iCHOv1	barrier	5	3.915873243198781	0.14394497871398926
GUROBI	iCHOv1	primal	5	3.915873243198781	0.11521291732788086
GUROBI	iCHOv1	dual	5	3.915873243198781	0.11272501945495605
GUROBI	iCHOv1	barrier	5	3.915873243198781	0.13309884071350098
SCIP_CMD	iCHOv1	primal	5	3.91587324319878	0.3674900531768799
SCIP_CMD	iCHOv1	dual	5	3.91587324319878	0.3652043342590332
SCIP_CMD	iCHOv1	barrier	5	3.91587324319878	0.3706092834472656
HiGHS_CMD	iCHOv1	primal	5	3.9158732431988	0.2586960792541504
HiGHS_CMD	iCHOv1	dual	5	3.9158732431988	0.24219989776611328
HiGHS_CMD	iCHOv1	barrier	5	3.9158732431988	0.27173805236816406
GLPK_CMD	iCHOv1	primal	5	3.91587	0.18801617622375488
GLPK_CMD	iCHOv1	dual	5	3.91587	0.23058676719665527
GLPK_CMD	iCHOv1	barrier	5		0.25339388847351074
COIN_CMD	iCHOv1	primal	5	3.9158732	0.1899867057800293
COIN_CMD	iCHOv1	dual	5	3.9158732	1.0836710929870605
COIN_CMD	iCHOv1	barrier	5	3.9158732	0.40187501907348633
CPLEX_PY	iCHOv1	primal	6	3.915873243198781	0.14418983459472656
CPLEX_PY	iCHOv1	dual	6	3.915873243198781	0.14379191398620605
CPLEX_PY	iCHOv1	barrier	6	3.915873243198781	0.14354324340820312
GUROBI	iCHOv1	primal	6	3.915873243198781	0.1618208885192871
GUROBI	iCHOv1	dual	6	3.915873243198781	0.11281108856201172
GUROBI	iCHOv1	barrier	6	3.915873243198781	0.174238920211792
SCIP_CMD	iCHOv1	primal	6	3.91587324319878	0.36675500869750977
SCIP_CMD	iCHOv1	dual	6	3.91587324319878	0.36685895919799805
SCIP_CMD	iCHOv1	barrier	6	3.91587324319878	0.365584135055542
HiGHS_CMD	iCHOv1	primal	6	3.9158732431988	0.26097726821899414
HiGHS_CMD	iCHOv1	dual	6	3.9158732431988	0.24338912963867188
HiGHS_CMD	iCHOv1	barrier	6	3.9158732431988	0.2743260860443115
GLPK_CMD	iCHOv1	primal	6	3.91587	0.18709135055541992
GLPK_CMD	iCHOv1	dual	6	3.91587	0.23223304748535156
GLPK_CMD	iCHOv1	barrier	6		0.2533109188079834
COIN_CMD	iCHOv1	primal	6	3.9158732	0.1950516700744629
COIN_CMD	iCHOv1	dual	6	3.9158732	1.0747530460357666
COIN_CMD	iCHOv1	barrier	6	3.9158732	0.3999149799346924
CPLEX_PY	iCHOv1	primal	7	3.915873243198781	0.14668989181518555
CPLEX_PY	iCHOv1	dual	7	3.915873243198781	0.14212703704833984
CPLEX_PY	iCHOv1	barrier	7	3.915873243198781	0.14021015167236328
GUROBI	iCHOv1	primal	7	3.915873243198781	0.11664009094238281
GUROBI	iCHOv1	dual	7	3.915873243198781	0.11118006706237793
GUROBI	iCHOv1	barrier	7	3.915873243198781	0.13152503967285156
SCIP_CMD	iCHOv1	primal	7	3.91587324319878	0.36759018898010254
SCIP_CMD	iCHOv1	dual	7	3.91587324319878	0.36939191818237305
SCIP_CMD	iCHOv1	barrier	7	3.91587324319878	0.41736888885498047
HiGHS_CMD	iCHOv1	primal	7	3.9158732431988	0.25890398025512695
HiGHS_CMD	iCHOv1	dual	7	3.9158732431988	0.24232697486877441
HiGHS_CMD	iCHOv1	barrier	7	3.9158732431988	0.27101612091064453
GLPK_CMD	iCHOv1	primal	7	3.91587	0.18699383735656738
GLPK_CMD	iCHOv1	dual	7	3.91587	0.23172521591186523
GLPK_CMD	iCHOv1	barrier	7		0.2506439685821533
COIN_CMD	iCHOv1	primal	7	3.9158732	0.19234609603881836
COIN_CMD	iCHOv1	dual	7	3.9158732	1.072840929031372
COIN_CMD	iCHOv1	barrier	7	3.9158732	0.39908695220947266
CPLEX_PY	iCHOv1	primal	8	3.915873243198781	0.14564299583435059
CPLEX_PY	iCHOv1	dual	8	3.915873243198781	0.1452043056488037
CPLEX_PY	iCHOv1	barrier	8	3.915873243198781	0.14084100723266602
GUROBI	iCHOv1	primal	8	3.915873243198781	0.11482715606689453
GUROBI	iCHOv1	dual	8	3.915873243198781	0.11089587211608887
GUROBI	iCHOv1	barrier	8	3.915873243198781	0.13709497451782227
SCIP_CMD	iCHOv1	primal	8	3.91587324319878	0.36905694007873535
SCIP_CMD	iCHOv1	dual	8	3.91587324319878	0.3715038299560547
SCIP_CMD	iCHOv1	barrier	8	3.91587324319878	0.3671598434448242
HiGHS_CMD	iCHOv1	primal	8	3.9158732431988	0.262833833694458
HiGHS_CMD	iCHOv1	dual	8	3.9158732431988	0.2417590618133545
HiGHS_CMD	iCHOv1	barrier	8	3.9158732431988	0.27508091926574707
GLPK_CMD	iCHOv1	primal	8	3.91587	0.18643999099731445
GLPK_CMD	iCHOv1	dual	8	3.91587	0.23157715797424316
GLPK_CMD	iCHOv1	barrier	8		0.2520899772644043
COIN_CMD	iCHOv1	primal	8	3.9158732	0.19072318077087402
COIN_CMD	iCHOv1	dual	8	3.9158732	1.0728490352630615
COIN_CMD	iCHOv1	barrier	8	3.9158732	0.39991307258605957
CPLEX_PY	iCHOv1	primal	9	3.915873243198781	0.14588284492492676
CPLEX_PY	iCHOv1	dual	9	3.915873243198781	0.14125275611877441
CPLEX_PY	iCHOv1	barrier	9	3.915873243198781	0.14510297775268555
GUROBI	iCHOv1	primal	9	3.915873243198781	0.16123580932617188
GUROBI	iCHOv1	dual	9	3.915873243198781	0.11314010620117188
GUROBI	iCHOv1	barrier	9	3.915873243198781	0.1766040325164795
SCIP_CMD	iCHOv1	primal	9	3.91587324319878	0.3669397830963135
SCIP_CMD	iCHOv1	dual	9	3.91587324319878	0.37397122383117676
SCIP_CMD	iCHOv1	barrier	9	3.91587324319878	0.3671233654022217
HiGHS_CMD	iCHOv1	primal	9	3.9158732431988	0.2600231170654297
HiGHS_CMD	iCHOv1	dual	9	3.9158732431988	0.26800107955932617
HiGHS_CMD	iCHOv1	barrier	9	3.9158732431988	0.2705690860748291
GLPK_CMD	iCHOv1	primal	9	3.91587	0.18756413459777832
GLPK_CMD	iCHOv1	dual	9	3.91587	0.23259496688842773
GLPK_CMD	iCHOv1	barrier	9		0.25607776641845703
COIN_CMD	iCHOv1	primal	9	3.9158732	0.19550681114196777
COIN_CMD	iCHOv1	dual	9	3.9158732	1.0869140625
COIN_CMD	iCHOv1	barrier	9	3.9158732	0.40181708335876465
CPLEX_PY	Recon3D	primal	0	43.28239133966799	0.2595510482788086
CPLEX_PY	Recon3D	dual	0	43.28239133966799	0.26201701164245605
CPLEX_PY	Recon3D	barrier	0	43.28239133966799	0.26059913635253906
GUROBI	Recon3D	primal	0	43.282391339667946	0.18866515159606934
GUROBI	Recon3D	dual	0	43.28239133966802	0.2032489776611328
GUROBI	Recon3D	barrier	0	43.282391339667925	0.23539996147155762
SCIP_CMD	Recon3D	primal	0	43.282391339668	0.7294299602508545
SCIP_CMD	Recon3D	dual	0	43.282391339668	0.645698070526123
SCIP_CMD	Recon3D	barrier	0	43.282391339668	0.6390657424926758
HiGHS_CMD	Recon3D	primal	0	43.282391339668	0.5528738498687744
HiGHS_CMD	Recon3D	dual	0	43.2823913396682	0.39804625511169434
HiGHS_CMD	Recon3D	barrier	0	43.282391339668	0.4410879611968994
GLPK_CMD	Recon3D	primal	0	43.2824	0.48684215545654297
GLPK_CMD	Recon3D	dual	0	43.2824	0.5833618640899658
GLPK_CMD	Recon3D	barrier	0		0.9698488712310791
COIN_CMD	Recon3D	primal	0	43.282391	0.3463602066040039
COIN_CMD	Recon3D	dual	0	43.28244	2.434349775314331
COIN_CMD	Recon3D	barrier	0	43.282391	0.653944730758667
CPLEX_PY	Recon3D	primal	1	43.28239133966799	0.26392698287963867
CPLEX_PY	Recon3D	dual	1	43.28239133966799	0.25907301902770996
CPLEX_PY	Recon3D	barrier	1	43.28239133966799	0.2561061382293701
GUROBI	Recon3D	primal	1	43.282391339667946	0.19507503509521484
GUROBI	Recon3D	dual	1	43.28239133966802	0.20429182052612305
GUROBI	Recon3D	barrier	1	43.282391339667925	0.23051905632019043
SCIP_CMD	Recon3D	primal	1	43.282391339668	0.6430270671844482
SCIP_CMD	Recon3D	dual	1	43.282391339668	0.6522622108459473
SCIP_CMD	Recon3D	barrier	1	43.282391339668	0.6377489566802979
HiGHS_CMD	Recon3D	primal	1	43.282391339668	0.5336029529571533
HiGHS_CMD	Recon3D	dual	1	43.2823913396682	0.3945930004119873
HiGHS_CMD	Recon3D	barrier	1	43.282391339668	0.43328285217285156
GLPK_CMD	Recon3D	primal	1	43.2824	0.4874908924102783
GLPK_CMD	Recon3D	dual	1	43.2824	0.583561897277832
GLPK_CMD	Recon3D	barrier	1		0.9474878311157227
COIN_CMD	Recon3D	primal	1	43.282391	0.31635522842407227
COIN_CMD	Recon3D	dual	1	43.28244	2.4041919708251953
COIN_CMD	Recon3D	barrier	1	43.282391	0.6538200378417969
CPLEX_PY	Recon3D	primal	2	43.28239133966799	0.2638099193572998
CPLEX_PY	Recon3D	dual	2	43.28239133966799	0.2666819095611572
CPLEX_PY	Recon3D	barrier	2	43.28239133966799	0.2587287425994873
GUROBI	Recon3D	primal	2	43.282391339667946	0.27252984046936035
GUROBI	Recon3D	dual	2	43.28239133966802	0.20812702178955078
GUROBI	Recon3D	barrier	2	43.282391339667925	0.2321171760559082
SCIP_CMD	Recon3D	primal	2	43.282391339668	0.6595580577850342
SCIP_CMD	Recon3D	dual	2	43.282391339668	0.6401500701904297
SCIP_CMD	Recon3D	barrier	2	43.282391339668	0.6416850090026855
HiGHS_CMD	Recon3D	primal	2	43.282391339668	0.5328381061553955
HiGHS_CMD	Recon3D	dual	2	43.2823913396682	0.398820161819458
HiGHS_CMD	Recon3D	barrier	2	43.282391339668	0.43557286262512207
GLPK_CMD	Recon3D	primal	2	43.2824	0.4961709976196289
GLPK_CMD	Recon3D	dual	2	43.2824	0.5815191268920898
GLPK_CMD	Recon3D	barrier	2		0.9516680240631104
COIN_CMD	Recon3D	primal	2	43.282391	0.31833600997924805
COIN_CMD	Recon3D	dual	2	43.28244	2.427839994430542
COIN_CMD	Recon3D	barrier	2	43.282391	0.6519486904144287
CPLEX_PY	Recon3D	primal	3	43.28239133966799	0.2643890380859375
CPLEX_PY	Recon3D	dual	3	43.28239133966799	0.2621612548828125
CPLEX_PY	Recon3D	barrier	3	43.28239133966799	0.25838208198547363
GUROBI	Recon3D	primal	3	43.282391339667946	0.19242382049560547
GUROBI	Recon3D	dual	3	43.28239133966802	0.27447009086608887
GUROBI	Recon3D	barrier	3	43.282391339667925	0.23364686965942383
SCIP_CMD	Recon3D	primal	3	43.282391339668	0.640700101852417
SCIP_CMD	Recon3D	dual	3	43.282391339668	0.6392390727996826
SCIP_CMD	Recon3D	barrier	3	43.282391339668	0.6421310901641846
HiGHS_CMD	Recon3D	primal	3	43.282391339668	0.5283999443054199
HiGHS_CMD	Recon3D	dual	3	43.2823913396682	0.4021780490875244
HiGHS_CMD	Recon3D	barrier	3	43.282391339668	0.43373608589172363
GLPK_CMD	Recon3D	primal	3	43.2824	0.4921143054962158
GLPK_CMD	Recon3D	dual	3	43.2824	0.5806620121002197
GLPK_CMD	Recon3D	barrier	3		0.9499797821044922
COIN_CMD	Recon3D	primal	3	43.282391	0.3176388740539551
COIN_CMD	Recon3D	dual	3	43.28244	2.4686899185180664
COIN_CMD	Recon3D	barrier	3	43.282391	0.6612308025360107
CPLEX_PY	Recon3D	primal	4	43.28239133966799	0.26297903060913086
CPLEX_PY	Recon3D	dual	4	43.28239133966799	0.26132822036743164
CPLEX_PY	Recon3D	barrier	4	43.28239133966799	0.2580139636993408
GUROBI	Recon3D	primal	4	43.282391339667946	0.18830418586730957
GUROBI	Recon3D	dual	4	43.28239133966802	0.20428800582885742
GUROBI	Recon3D	barrier	4	43.282391339667925	0.31033968925476074
SCIP_CMD	Recon3D	primal	4	43.282391339668	0.632580041885376
SCIP_CMD	Recon3D	dual	4	43.282391339668	0.6703660488128662
SCIP_CMD	Recon3D	barrier	4	43.282391339668	0.6521248817443848
HiGHS_CMD	Recon3D	primal	4	43.282391339668	0.5283908843994141
HiGHS_CMD	Recon3D	dual	4	43.2823913396682	0.40181589126586914
HiGHS_CMD	Recon3D	barrier	4	43.282391339668	0.4358048439025879
GLPK_CMD	Recon3D	primal	4	43.2824	0.4908468723297119
GLPK_CMD	Recon3D	dual	4	43.2824	0.5801060199737549
GLPK_CMD	Recon3D	barrier	4		0.9553472995758057
COIN_CMD	Recon3D	primal	4	43.282391	0.3196899890899658
COIN_CMD	Recon3D	dual	4	43.28244	2.43121600151062
COIN_CMD	Recon3D	barrier	4	43.282391	0.7366800308227539
CPLEX_PY	Recon3D	primal	5	43.28239133966799	0.264998197555542
CPLEX_PY	Recon3D	dual	5	43.28239133966799	0.2595982551574707
CPLEX_PY	Recon3D	barrier	5	43.28239133966799	0.25931715965270996
GUROBI	Recon3D	primal	5	43.282391339667946	0.1887068748474121
GUROBI	Recon3D	dual	5	43.28239133966802	0.20722293853759766
GUROBI	Recon3D	barrier	5	43.282391339667925	0.231903076171875
SCIP_CMD	Recon3D	primal	5	43.282391339668	0.6354560852050781
SCIP_CMD	Recon3D	dual	5	43.282391339668	0.6394088268280029
SCIP_CMD	Recon3D	barrier	5	43.282391339668	0.6421351432800293
HiGHS_CMD	Recon3D	primal	5	43.282391339668	0.5330779552459717
HiGHS_CMD	Recon3D	dual	5	43.2823913396682	0.39449214935302734
HiGHS_CMD	Recon3D	barrier	5	43.282391339668	0.43655872344970703
GLPK_CMD	Recon3D	primal	5	43.2824	0.48916196823120117
GLPK_CMD	Recon3D	dual	5	43.2824	0.5849671363830566
GLPK_CMD	Recon3D	barrier	5		0.94740891456604
COIN_CMD	Recon3D	primal	5	43.282391	0.3231849670410156
COIN_CMD	Recon3D	dual	5	43.28244	2.425950050354004
COIN_CMD	Recon3D	barrier	5	43.282391	0.6543419361114502
CPLEX_PY	Recon3D	primal	6	43.28239133966799	0.2652289867401123
CPLEX_PY	Recon3D	dual	6	43.28239133966799	0.34450602531433105
CPLEX_PY	Recon3D	barrier	6	43.28239133966799	0.26048779487609863
GUROBI	Recon3D	primal	6	43.282391339667946	0.18990111351013184
GUROBI	Recon3D	dual	6	43.28239133966802	0.27716517448425293
GUROBI	Recon3D	barrier	6	43.282391339667925	0.23689699172973633
SCIP_CMD	Recon3D	primal	6	43.282391339668	0.634303092956543
SCIP_CMD	Recon3D	dual	6	43.282391339668	0.6384878158569336
SCIP_CMD	Recon3D	barrier	6	43.282391339668	0.6354579925537109
HiGHS_CMD	Recon3D	primal	6	43.282391339668	0.6202812194824219
HiGHS_CMD	Recon3D	dual	6	43.2823913396682	0.3972330093383789
HiGHS_CMD	Recon3D	barrier	6	43.282391339668	0.4327821731567383
GLPK_CMD	Recon3D	primal	6	43.2824	0.4861917495727539
GLPK_CMD	Recon3D	dual	6	43.2824	0.5808529853820801
GLPK_CMD	Recon3D	barrier	6		0.9483411312103271
COIN_CMD	Recon3D	primal	6	43.282391	0.31716084480285645
COIN_CMD	Recon3D	dual	6	43.28244	2.4048807621002197
COIN_CMD	Recon3D	barrier	6	43.282391	0.6567478179931641
CPLEX_PY	Recon3D	primal	7	43.28239133966799	0.26384997367858887
CPLEX_PY	Recon3D	dual	7	43.28239133966799	0.25951623916625977
CPLEX_PY	Recon3D	barrier	7	43.28239133966799	0.26177310943603516
GUROBI	Recon3D	primal	7	43.282391339667946	0.2725942134857178
GUROBI	Recon3D	dual	7	43.28239133966802	0.20511198043823242
GUROBI	Recon3D	barrier	7	43.282391339667925	0.3101499080657959
SCIP_CMD	Recon3D	primal	7	43.282391339668	0.634315013885498
SCIP_CMD	Recon3D	dual	7	43.282391339668	0.6482019424438477
SCIP_CMD	Recon3D	barrier	7	43.282391339668	0.6445896625518799
HiGHS_CMD	Recon3D	primal	7	43.282391339668	0.532991886138916
HiGHS_CMD	Recon3D	dual	7	43.2823913396682	0.39782285690307617
HiGHS_CMD	Recon3D	barrier	7	43.282391339668	0.4359109401702881
GLPK_CMD	Recon3D	primal	7	43.2824	0.4927380084991455
GLPK_CMD	Recon3D	dual	7	43.2824	0.5844953060150146
GLPK_CMD	Recon3D	barrier	7		0.9462718963623047
COIN_CMD	Recon3D	primal	7	43.282391	0.31820178031921387
COIN_CMD	Recon3D	dual	7	43.28244	2.4074907302856445
COIN_CMD	Recon3D	barrier	7	43.282391	0.6547629833221436
CPLEX_PY	Recon3D	primal	8	43.28239133966799	0.35094618797302246
CPLEX_PY	Recon3D	dual	8	43.28239133966799	0.2597229480743408
CPLEX_PY	Recon3D	barrier	8	43.28239133966799	0.2578890323638916
GUROBI	Recon3D	primal	8	43.282391339667946	0.18875503540039062
GUROBI	Recon3D	dual	8	43.28239133966802	0.21552777290344238
GUROBI	Recon3D	barrier	8	43.282391339667925	0.23477411270141602
SCIP_CMD	Recon3D	primal	8	43.282391339668	0.6548638343811035
SCIP_CMD	Recon3D	dual	8	43.282391339668	0.6407182216644287
SCIP_CMD	Recon3D	barrier	8	43.282391339668	0.6367490291595459
HiGHS_CMD	Recon3D	primal	8	43.282391339668	0.5368759632110596
HiGHS_CMD	Recon3D	dual	8	43.2823913396682	0.4006388187408447
HiGHS_CMD	Recon3D	barrier	8	43.282391339668	0.435532808303833
GLPK_CMD	Recon3D	primal	8	43.2824	0.4950830936431885
GLPK_CMD	Recon3D	dual	8	43.2824	0.5814669132232666
GLPK_CMD	Recon3D	barrier	8		0.9447109699249268
COIN_CMD	Recon3D	primal	8	43.282391	0.3185591697692871
COIN_CMD	Recon3D	dual	8	43.28244	2.42155385017395
COIN_CMD	Recon3D	barrier	8	43.282391	0.6609401702880859
CPLEX_PY	Recon3D	primal	9	43.28239133966799	0.2644472122192383
CPLEX_PY	Recon3D	dual	9	43.28239133966799	0.2603569030761719
CPLEX_PY	Recon3D	barrier	9	43.28239133966799	0.3414192199707031
GUROBI	Recon3D	primal	9	43.282391339667946	0.1916201114654541
GUROBI	Recon3D	dual	9	43.28239133966802	0.20578694343566895
GUROBI	Recon3D	barrier	9	43.282391339667925	0.23159313201904297
SCIP_CMD	Recon3D	primal	9	43.282391339668	0.6384539604187012
SCIP_CMD	Recon3D	dual	9	43.282391339668	0.6393060684204102
SCIP_CMD	Recon3D	barrier	9	43.282391339668	0.6394760608673096
HiGHS_CMD	Recon3D	primal	9	43.282391339668	0.5324182510375977
HiGHS_CMD	Recon3D	dual	9	43.2823913396682	0.3990211486816406
HiGHS_CMD	Recon3D	barrier	9	43.282391339668	0.4365379810333252
GLPK_CMD	Recon3D	primal	9	43.2824	0.4941098690032959
GLPK_CMD	Recon3D	dual	9	43.2824	0.5841169357299805
GLPK_CMD	Recon3D	barrier	9		0.9565918445587158
COIN_CMD	Recon3D	primal	9	43.282391	0.32175588607788086
COIN_CMD	Recon3D	dual	9	43.28244	2.450061798095703
COIN_CMD	Recon3D	barrier	9	43.282391	0.6552691459655762
